Item_Identifier,Item_Weight,Item_Fat_Content,Item_Visibility,Item_Type,Item_MRP,Outlet_Identifier,Outlet_Type,Item_Outlet_Sales
NCD19,8.93,Low Fat,0.0,Household,53.8614,OUT013,Supermarket Type1,994.7052
FDO10,13.65,Regular,0.012741088999999999,Snack Foods,57.6588,OUT013,Supermarket Type1,343.5528
FDF32,16.35,Low Fat,0.06802430000000001,Fruits and Vegetables,196.4426,OUT013,Supermarket Type1,1977.4260000000002
FDN22,18.85,Regular,0.138190277,Snack Foods,250.8724,OUT013,Supermarket Type1,3775.086
DRJ59,11.65,low fat,0.019356131999999998,Hard Drinks,39.1164,OUT013,Supermarket Type1,308.9312
FDK43,9.8,Low Fat,0.02681843,Meat,126.00200000000001,OUT013,Supermarket Type1,2150.534
FDL50,12.15,Regular,0.042277867000000004,Canned,126.5046,OUT013,Supermarket Type1,373.5138
FDM40,10.195,Low Fat,0.159803853,Frozen Foods,141.5154,OUT013,Supermarket Type1,850.8924
FDR13,9.895,Regular,0.028696932,Canned,117.0492,OUT013,Supermarket Type1,810.9444
FDL12,15.85,Regular,0.121531501,Baking Goods,59.222,OUT013,Supermarket Type1,599.22
DRB48,16.75,Regular,0.024832806000000002,Soft Drinks,38.7822,OUT013,Supermarket Type1,667.7974
FDH14,17.1,Regular,0.046769599999999995,Canned,141.1838,OUT013,Supermarket Type1,2247.7408
FDA47,10.5,Regular,0.11657670199999999,Baking Goods,163.121,OUT013,Supermarket Type1,1794.3310000000001
DRK49,14.15,Low Fat,0.035913805,Soft Drinks,41.4138,OUT013,Supermarket Type1,812.2760000000001
DRG23,8.88,Low Fat,0.08670898699999999,Hard Drinks,151.7682,OUT013,Supermarket Type1,762.341
FDQ28,14.0,Regular,0.06037677599999999,Frozen Foods,154.5656,OUT013,Supermarket Type1,2471.4496
FDM22,14.0,Regular,0.04192285,Snack Foods,54.763999999999996,OUT013,Supermarket Type1,1331.6
FDM15,11.8,Regular,0.057373797000000004,Meat,151.4366,OUT013,Supermarket Type1,1360.2294
FDS31,13.1,Regular,0.044155597000000005,Fruits and Vegetables,178.8318,OUT013,Supermarket Type1,3969.4996
FDU50,5.75,Regular,0.075107656,Dairy,112.8176,OUT013,Supermarket Type1,1374.2112
FDX15,17.2,Low Fat,0.15616879,Meat,160.6578,OUT013,Supermarket Type1,3690.5294
DRJ13,12.65,Low Fat,0.062837968,Soft Drinks,161.5578,OUT013,Supermarket Type1,2406.867
FDW20,20.75,Low Fat,0.024129332000000003,Fruits and Vegetables,124.17299999999999,OUT013,Supermarket Type1,2956.152
FDB35,12.3,Regular,0.064565202,Starchy Foods,92.9804,OUT013,Supermarket Type1,1929.4884
FDY25,12.0,Low Fat,0.033946163,Canned,179.3976,OUT013,Supermarket Type1,3440.8544
FDJ34,11.8,Regular,0.09357779,Snack Foods,125.9704,OUT013,Supermarket Type1,1877.556
NCI17,8.645,Low Fat,0.143303291,Health and Hygiene,96.34100000000001,OUT013,Supermarket Type1,193.082
FDJ55,12.8,Regular,0.023511371,Meat,225.9404,OUT013,Supermarket Type1,4950.8888
NCR54,16.35,Low Fat,0.090486828,Household,195.21099999999998,OUT013,Supermarket Type1,2553.343
FDG29,17.6,Low Fat,0.056245075,Frozen Foods,43.3454,OUT013,Supermarket Type1,1006.6896
FDG24,7.975,Low Fat,0.014618973,Baking Goods,85.225,OUT013,Supermarket Type1,1081.925
FDM28,15.7,Low Fat,0.045166237000000005,Frozen Foods,178.666,OUT013,Supermarket Type1,2516.724
FDS26,20.35,Low Fat,0.089394766,Dairy,260.1594,OUT013,Supermarket Type1,2093.2752
FDQ56,6.59,Low Fat,0.10550944,Fruits and Vegetables,85.6908,OUT013,Supermarket Type1,1929.4884
FDY55,16.75,Low Fat,0.081252534,Fruits and Vegetables,256.4988,OUT013,Supermarket Type1,7452.9652
FDB29,16.7,Regular,0.052368060999999994,Frozen Foods,112.7176,OUT013,Supermarket Type1,801.6232
FDV51,16.35,Low Fat,0.032511818,Meat,165.0842,OUT013,Supermarket Type1,994.7052
DRH39,20.7,Low Fat,0.09261307,Dairy,76.367,OUT013,Supermarket Type1,306.268
FDR24,17.35,Regular,0.062799379,Baking Goods,88.18299999999999,OUT013,Supermarket Type1,539.298
NCY18,7.285,Low Fat,0.031125708999999998,Household,174.3054,OUT013,Supermarket Type1,4377.635
FDT27,11.395,Regular,0.06952926200000001,Meat,233.1616,OUT013,Supermarket Type1,6093.4016
FDG45,8.1,Low Fat,0.127929521,Fruits and Vegetables,211.4902,OUT013,Supermarket Type1,3610.6334
FDO51,6.785,Regular,0.041947547,Meat,41.2112,OUT013,Supermarket Type1,809.6128
FDF45,18.2,Regular,0.012194556,Fruits and Vegetables,57.7904,OUT013,Supermarket Type1,1464.76
FDV02,16.75,Low Fat,0.060495243,Dairy,169.8106,OUT013,Supermarket Type1,3251.1014
FDR02,16.7,Low Fat,0.022047313,Dairy,110.2886,OUT013,Supermarket Type1,1890.2062
DRI13,15.35,Low Fat,0.020310046000000002,Soft Drinks,218.0508,OUT013,Supermarket Type1,3038.7112
FDB11,16.0,LF,0.060797393,Starchy Foods,223.8404,OUT013,Supermarket Type1,3600.6464
DRH15,8.775,Low Fat,0.0,Dairy,45.9428,OUT013,Supermarket Type1,790.9704
FDU46,10.3,Regular,0.011117041000000001,Snack Foods,85.854,OUT013,Supermarket Type1,2683.1740000000004
NCC42,15.0,Low Fat,0.044871033,Health and Hygiene,140.3838,OUT013,Supermarket Type1,2528.7084
FDQ20,8.325,Low Fat,0.029760052000000002,Fruits and Vegetables,38.7138,OUT013,Supermarket Type1,284.2966
NCS54,13.6,Low Fat,0.009984847,Household,175.437,OUT013,Supermarket Type1,1940.807
FDQ45,9.5,Regular,0.010907967,Snack Foods,182.3608,OUT013,Supermarket Type1,2940.1728
FDW28,18.25,low fat,0.088750333,Frozen Foods,196.5452,OUT013,Supermarket Type1,2348.9424
FDL48,19.35,Regular,0.082197959,Baking Goods,49.2034,OUT013,Supermarket Type1,729.051
FDL52,6.635,Regular,0.0,Frozen Foods,39.7506,OUT013,Supermarket Type1,303.6048
FDD08,8.3,Low Fat,0.03532494,Fruits and Vegetables,38.9506,OUT013,Supermarket Type1,721.0614
FDN16,12.6,Regular,0.06264811099999999,Frozen Foods,104.899,OUT013,Supermarket Type1,1960.781
FDG53,10.0,Low Fat,0.045818773,Frozen Foods,138.718,OUT013,Supermarket Type1,1398.18
DRM11,6.57,Low Fat,0.066014596,Hard Drinks,259.7278,OUT013,Supermarket Type1,2863.6058
FDL08,10.8,Low Fat,0.049677650999999996,Fruits and Vegetables,245.9144,OUT013,Supermarket Type1,4655.2736
NCK19,9.8,Low Fat,0.09039035699999999,Others,192.1478,OUT013,Supermarket Type1,2324.9736
FDR36,6.715,Regular,0.121485195,Baking Goods,40.2454,OUT013,Supermarket Type1,587.2356
NCQ41,14.8,Low Fat,0.01946418,Health and Hygiene,196.3794,OUT013,Supermarket Type1,1950.7939999999999
FDX46,12.3,Regular,0.0,Snack Foods,57.3562,OUT013,Supermarket Type1,177.7686
DRJ35,10.1,Low Fat,0.046545786,Hard Drinks,59.9878,OUT013,Supermarket Type1,484.7024
FDC40,16.0,Regular,0.065009745,Dairy,79.5986,OUT013,Supermarket Type1,934.7832
FDE58,18.5,Low Fat,0.052025392000000004,Snack Foods,118.4124,OUT013,Supermarket Type1,2370.248
FDS58,9.285,Regular,0.020989132,Snack Foods,158.6578,OUT013,Supermarket Type1,2406.867
FDS45,5.175,Regular,0.029471407999999998,Snack Foods,105.4622,OUT013,Supermarket Type1,3281.7282
NCL18,18.85,Low Fat,0.167444431,Household,194.6136,OUT013,Supermarket Type1,1166.4816
FDG38,8.975,Regular,0.05268526,Canned,83.3224,OUT013,Supermarket Type1,3579.3408
NCE31,7.67,Low Fat,0.184689756,Household,35.4216,OUT013,Supermarket Type1,450.0808
FDS19,13.8,Regular,0.064153845,Fruits and Vegetables,76.9012,OUT013,Supermarket Type1,607.2096
FDU11,4.785,Low Fat,0.092516598,Breads,120.1098,OUT013,Supermarket Type1,1325.6078
NCQ05,11.395,LF,0.0,Health and Hygiene,151.6708,OUT013,Supermarket Type1,3460.8284
FDU56,16.85,Low Fat,0.044377096,Fruits and Vegetables,185.8266,OUT013,Supermarket Type1,1659.8394
NCQ02,12.6,Low Fat,0.007450258,Household,186.7556,OUT013,Supermarket Type1,2816.3340000000003
FDX39,14.3,Regular,0.049634817000000005,Meat,212.5586,OUT013,Supermarket Type1,3165.8790000000004
FDQ51,16.0,Regular,0.017536671,Meat,45.5718,OUT013,Supermarket Type1,1039.9796
FDC46,17.7,Low Fat,0.1164455,Snack Foods,182.8266,OUT013,Supermarket Type1,5163.9448
FDV56,16.1,Regular,0.013584408000000001,Fruits and Vegetables,107.7596,OUT013,Supermarket Type1,323.5788
FDZ04,9.31,low fat,0.037923509,Frozen Foods,61.651,OUT013,Supermarket Type1,379.506
NCL19,15.35,Low Fat,0.015663185,Others,143.947,OUT013,Supermarket Type1,3006.087
DRK39,7.02,Low Fat,0.049823902,Dairy,82.225,OUT013,Supermarket Type1,2746.425
FDK34,13.35,Low Fat,0.038494623,Snack Foods,240.2564,OUT013,Supermarket Type1,2860.2768
FDE02,8.71,low fat,0.121149472,Canned,93.7778,OUT013,Supermarket Type1,1783.6782
NCZ06,19.6,Low Fat,0.09408330300000001,Household,252.2698,OUT013,Supermarket Type1,2790.3678
NCN41,17.0,Low Fat,0.052165855,Health and Hygiene,125.073,OUT013,Supermarket Type1,1108.557
FDH20,16.1,Regular,0.024928351,Fruits and Vegetables,95.141,OUT013,Supermarket Type1,3089.312
FDO13,7.865,Low Fat,0.06100886,Breakfast,166.0526,OUT013,Supermarket Type1,3617.9572
FDR58,6.675,Low Fat,0.041886576,Snack Foods,92.1462,OUT013,Supermarket Type1,1203.1006
NCP50,17.35,Low Fat,0.020542737,Others,80.5618,OUT013,Supermarket Type1,322.2472
DRJ24,11.8,Low Fat,0.113234914,Soft Drinks,186.3924,OUT013,Supermarket Type1,5367.6796
FDA46,13.6,Low Fat,0.11753756300000001,Snack Foods,195.4136,OUT013,Supermarket Type1,5443.5808
NCX42,6.36,Low Fat,0.00597362,Household,164.5526,OUT013,Supermarket Type1,2137.8838
FDN02,16.5,Low Fat,0.07376631,Canned,208.5638,OUT013,Supermarket Type1,2691.8294
FDA51,8.05,Regular,0.164542555,Dairy,112.2518,OUT013,Supermarket Type1,1707.777
FDJ03,12.35,Regular,0.072334667,Dairy,49.1692,OUT013,Supermarket Type1,886.8456
FDT50,6.75,Regular,0.10814891300000001,Dairy,95.6752,OUT013,Supermarket Type1,958.752
FDX35,5.035,Regular,0.079844043,Breads,226.3036,OUT013,Supermarket Type1,4098.6648
FDR19,13.5,Regular,0.159587755,Fruits and Vegetables,145.3102,OUT013,Supermarket Type1,729.051
FDP24,20.6,Low Fat,0.082935004,Baking Goods,119.5756,OUT013,Supermarket Type1,2665.8632
FDN56,5.46,Regular,0.106968096,Fruits and Vegetables,142.6786,OUT013,Supermarket Type1,2311.6576
NCZ41,19.85,Low Fat,0.064367627,Health and Hygiene,126.1704,OUT013,Supermarket Type1,876.1928
FDU40,20.85,Low Fat,0.037372847,Frozen Foods,192.7478,OUT013,Supermarket Type1,3099.9648
FDB44,6.655,Low Fat,0.016944719,Fruits and Vegetables,209.2586,OUT013,Supermarket Type1,2954.8204
FDG52,13.65,Low Fat,0.065576228,Frozen Foods,47.7402,OUT013,Supermarket Type1,643.1628
FDA43,10.895,Low Fat,0.064621927,Fruits and Vegetables,196.6794,OUT013,Supermarket Type1,1170.4764
FDH10,21.0,Low Fat,0.049263979000000006,Snack Foods,195.0478,OUT013,Supermarket Type1,1549.9824
FDD05,19.35,Low Fat,0.016597651,Frozen Foods,121.5098,OUT013,Supermarket Type1,2892.2352
FDZ56,16.25,Low Fat,0.025715562,Fruits and Vegetables,168.1474,OUT013,Supermarket Type1,1516.0266
NCJ31,19.2,Low Fat,0.182501773,Others,239.2196,OUT013,Supermarket Type1,5061.4116
DRK11,8.21,Low Fat,0.010755465,Hard Drinks,150.8392,OUT013,Supermarket Type1,2982.784
DRG03,14.5,Low Fat,0.061934990999999995,Dairy,154.4998,OUT013,Supermarket Type1,1691.7978
FDU37,9.5,Regular,0.10442123699999999,Canned,80.196,OUT013,Supermarket Type1,2157.192
FDI57,19.85,Low Fat,0.05398068599999999,Seafood,196.8768,OUT013,Supermarket Type1,2561.9984
FDM45,8.655,Regular,0.088121336,Snack Foods,119.7756,OUT013,Supermarket Type1,2059.9852
FDR43,18.2,Low Fat,0.161355122,Fruits and Vegetables,38.319,OUT013,Supermarket Type1,585.904
FDI45,13.1,LF,0.037549969,Fruits and Vegetables,176.1054,OUT013,Supermarket Type1,4027.4242
FDQ49,20.2,Regular,0.039215075,Breakfast,157.66299999999998,OUT013,Supermarket Type1,2190.482
FDS16,15.15,Regular,0.066121873,Frozen Foods,145.67600000000002,OUT013,Supermarket Type1,3661.9
FDL39,16.1,Regular,0.063278652,Dairy,182.1318,OUT013,Supermarket Type1,2345.6134
DRE27,11.85,Low Fat,0.132560174,Dairy,97.2726,OUT013,Supermarket Type1,782.9808
FDV22,14.85,Regular,0.009930514,Snack Foods,157.463,OUT013,Supermarket Type1,2503.408
FDG16,15.25,Low Fat,0.089742065,Frozen Foods,213.7192,OUT013,Supermarket Type1,1078.596
FDY11,6.71,Regular,0.029535852,Baking Goods,67.5142,OUT013,Supermarket Type1,593.2278
FDO24,11.1,Low Fat,0.17606902300000002,Baking Goods,156.7604,OUT013,Supermarket Type1,1901.5248
FDD09,13.5,Low Fat,0.0,Fruits and Vegetables,179.9976,OUT013,Supermarket Type1,4889.6352
FDG34,11.5,Regular,0.037539164,Snack Foods,106.9254,OUT013,Supermarket Type1,3038.7112
FDW09,13.65,reg,0.025899245,Snack Foods,81.1302,OUT013,Supermarket Type1,792.302
FDO58,19.6,Low Fat,0.039544237,Snack Foods,163.6526,OUT013,Supermarket Type1,1151.1682
FDU21,11.8,reg,0.07665661,Snack Foods,32.3558,OUT013,Supermarket Type1,169.77900000000002
NCN07,18.5,Low Fat,0.03391645,Others,130.9284,OUT013,Supermarket Type1,1713.7692
DRG01,14.8,Low Fat,0.044840933,Soft Drinks,78.367,OUT013,Supermarket Type1,918.804
NCP55,14.65,Low Fat,0.011180713,Others,53.8614,OUT013,Supermarket Type1,221.0456
NCG19,20.25,Low Fat,0.14781046,Household,234.8616,OUT013,Supermarket Type1,2812.3392
DRA12,11.6,Low Fat,0.040911824,Soft Drinks,142.3154,OUT013,Supermarket Type1,2552.6772
FDE05,10.895,Regular,0.032427039,Frozen Foods,147.7102,OUT013,Supermarket Type1,1166.4816
FDX02,16.0,Low Fat,0.05701260599999999,Dairy,225.0404,OUT013,Supermarket Type1,5851.0504
FDG46,8.63,Regular,0.032882271,Snack Foods,113.5518,OUT013,Supermarket Type1,2732.4432
FDD32,17.7,Regular,0.040897932000000005,Fruits and Vegetables,82.6276,OUT013,Supermarket Type1,731.0484
NCY29,13.65,Low Fat,0.077169841,Health and Hygiene,55.593,OUT013,Supermarket Type1,282.965
FDX44,9.3,Low Fat,0.042930789000000004,Fruits and Vegetables,88.5172,OUT013,Supermarket Type1,1427.4752
FDW50,13.1,Low Fat,0.075515154,Dairy,167.2158,OUT013,Supermarket Type1,3008.0844
FDB37,20.25,Regular,0.022921735,Baking Goods,240.7538,OUT013,Supermarket Type1,3364.9532
FDX16,17.85,Low Fat,0.06575528,Frozen Foods,151.505,OUT013,Supermarket Type1,2546.685
FDF04,17.5,Low Fat,0.0,Frozen Foods,258.3304,OUT013,Supermarket Type1,3358.2952
FDJ44,12.3,Regular,0.10623876800000001,Fruits and Vegetables,176.1396,OUT013,Supermarket Type1,3663.2316
FDH19,19.35,Low Fat,0.033060937,Meat,172.4738,OUT013,Supermarket Type1,1911.5118
FDD50,18.85,Low Fat,0.141524348,Canned,168.4132,OUT013,Supermarket Type1,2874.9244
NCV54,11.1,Low Fat,0.033081388999999996,Household,116.5124,OUT013,Supermarket Type1,1066.6116
FDZ21,17.6,Regular,0.039189221,Snack Foods,97.34100000000001,OUT013,Supermarket Type1,965.41
FDH35,18.25,Low Fat,0.060198496,Starchy Foods,162.9526,OUT013,Supermarket Type1,1151.1682
NCR06,12.5,Low Fat,0.006759519,Household,42.8112,OUT013,Supermarket Type1,639.168
NCF42,17.35,Low Fat,0.16724376900000001,Household,176.2712,OUT013,Supermarket Type1,2988.1104
FDT12,6.215,Regular,0.049580407,Baking Goods,227.4062,OUT013,Supermarket Type1,5191.2426
FDL21,15.85,Regular,0.0071404680000000005,Snack Foods,40.848,OUT013,Supermarket Type1,679.1160000000001
FDS21,19.85,Regular,0.020858778999999997,Snack Foods,62.8194,OUT013,Supermarket Type1,928.791
NCJ29,10.6,low fat,0.035163639,Health and Hygiene,84.4224,OUT013,Supermarket Type1,852.2239999999999
NCK05,20.1,Low Fat,0.077389797,Health and Hygiene,60.8536,OUT013,Supermarket Type1,1347.5792
FDJ41,6.85,Low Fat,0.022864238,Frozen Foods,260.0594,OUT013,Supermarket Type1,6018.1662
FDL46,20.35,Low Fat,0.054011943,Snack Foods,116.5466,OUT013,Supermarket Type1,1885.5456
FDZ36,6.035,Regular,0.065729039,Baking Goods,188.324,OUT013,Supermarket Type1,1491.392
FDB60,9.3,Low Fat,0.028498354,Baking Goods,195.8136,OUT013,Supermarket Type1,2332.9632
FDA20,6.78,Low Fat,0.06656564400000001,Fruits and Vegetables,185.324,OUT013,Supermarket Type1,3914.9040000000005
FDH50,15.0,Regular,0.161301097,Canned,185.1266,OUT013,Supermarket Type1,2213.1192
FDM08,10.1,Regular,0.0,Fruits and Vegetables,225.1088,OUT013,Supermarket Type1,3579.3408
FDW02,4.805,Regular,0.037668051,Dairy,126.7704,OUT013,Supermarket Type1,2628.5784
FDF56,16.7,Regular,0.119362812,Fruits and Vegetables,180.3976,OUT013,Supermarket Type1,3078.6592
NCC31,8.02,Low Fat,0.0,Household,157.7972,OUT013,Supermarket Type1,1713.7692
FDM13,6.425,Low Fat,0.063122753,Breakfast,131.3626,OUT013,Supermarket Type1,262.3252
NCT06,17.1,Low Fat,0.038705317,Household,165.0842,OUT013,Supermarket Type1,2320.9788
FDB36,5.465,Regular,0.048486800999999996,Baking Goods,131.2626,OUT013,Supermarket Type1,3410.2276
FDR37,16.5,Regular,0.06619442,Breakfast,184.4292,OUT013,Supermarket Type1,3101.2964
FDS15,9.195,Regular,0.07799564099999999,Meat,107.1596,OUT013,Supermarket Type1,2804.3496
FDQ03,15.0,Regular,0.07794933400000001,Meat,238.7248,OUT013,Supermarket Type1,2133.2232
FDV57,15.25,Regular,0.065841719,Snack Foods,179.86599999999999,OUT013,Supermarket Type1,2696.49
FDP26,7.785,Low Fat,0.139436695,Dairy,103.0306,OUT013,Supermarket Type1,2404.2038
FDK52,18.25,Low Fat,0.079152918,Frozen Foods,223.8062,OUT013,Supermarket Type1,4288.4178
FDW11,12.6,Low Fat,0.048741487,Breads,60.4194,OUT013,Supermarket Type1,990.7104
FDY12,9.8,Regular,0.0,Baking Goods,49.2008,OUT013,Supermarket Type1,657.8104
DRH23,14.65,Low Fat,0.17017651600000003,Hard Drinks,55.2614,OUT013,Supermarket Type1,718.3982
FDZ34,6.695,Low Fat,0.0,Starchy Foods,191.882,OUT013,Supermarket Type1,3861.64
FDD21,10.3,Regular,0.0,Fruits and Vegetables,115.0176,OUT013,Supermarket Type1,4122.6336
FDO36,19.7,Low Fat,0.077849003,Baking Goods,179.166,OUT013,Supermarket Type1,3056.022
FDD51,11.15,low fat,0.119852889,Dairy,44.9744,OUT013,Supermarket Type1,498.0184
NCS06,7.935,Low Fat,0.031710329,Household,263.091,OUT013,Supermarket Type1,5522.811
FDB12,11.15,Regular,0.10522002400000001,Baking Goods,102.7648,OUT013,Supermarket Type1,1142.5128
FDT40,5.985,Low Fat,0.09571560800000001,Frozen Foods,125.8678,OUT013,Supermarket Type1,3560.6984
DRL01,19.5,Regular,0.077108099,Soft Drinks,232.8958,OUT013,Supermarket Type1,5608.6992
FDB15,10.895,Low Fat,0.136696892,Dairy,264.5568,OUT013,Supermarket Type1,5536.7928
FDY49,17.2,Regular,0.012002075,Canned,165.3184,OUT013,Supermarket Type1,990.7104
FDX45,16.75,Low Fat,0.104768536,Snack Foods,155.16299999999998,OUT013,Supermarket Type1,2972.797
FDR35,12.5,Low Fat,0.020680498999999998,Breads,197.2742,OUT013,Supermarket Type1,2587.9646
NCJ18,12.35,Low Fat,0.16380550900000002,Household,117.6124,OUT013,Supermarket Type1,3910.9092
FDZ59,6.63,Regular,0.103935018,Baking Goods,166.85,OUT013,Supermarket Type1,5326.4
NCG07,12.3,Low Fat,0.052458358,Household,188.753,OUT013,Supermarket Type1,3795.06
FDS12,9.1,Low Fat,0.173973652,Baking Goods,126.5362,OUT013,Supermarket Type1,1761.7068
FDQ52,17.0,Low Fat,0.119285634,Frozen Foods,247.4434,OUT013,Supermarket Type1,2980.1208
FDO09,13.5,Regular,0.125170423,Snack Foods,261.491,OUT013,Supermarket Type1,3418.883
FDX37,16.2,Low Fat,0.0,Canned,100.57,OUT013,Supermarket Type1,1398.18
FDF16,7.3,Low Fat,0.086060695,Frozen Foods,149.8076,OUT013,Supermarket Type1,2808.3444
FDT19,7.59,Regular,0.14492016,Fruits and Vegetables,174.708,OUT013,Supermarket Type1,2942.836
FDE59,12.15,Low Fat,0.062235982999999995,Starchy Foods,34.5532,OUT013,Supermarket Type1,359.532
FDC17,12.15,LF,0.01544786,Frozen Foods,211.2928,OUT013,Supermarket Type1,2735.1064
FDN25,7.895,Regular,0.061124625999999994,Breakfast,58.5588,OUT013,Supermarket Type1,171.7764
FDY28,7.47,Regular,0.152024355,Frozen Foods,211.8218,OUT013,Supermarket Type1,1496.0526
NCL42,18.85,Low Fat,0.040338009,Household,246.7144,OUT013,Supermarket Type1,6615.3888
FDV28,16.1,Regular,0.15959547300000002,Frozen Foods,32.8558,OUT013,Supermarket Type1,339.55800000000005
FDQ37,20.75,Low Fat,0.08918638699999999,Breakfast,193.3478,OUT013,Supermarket Type1,6006.1818
FDG47,12.8,Low Fat,0.069560905,Starchy Foods,263.0252,OUT013,Supermarket Type1,2885.5772
NCN19,13.1,Low Fat,0.012089478999999998,Others,189.85299999999998,OUT013,Supermarket Type1,3415.554
FDT07,5.82,Regular,0.07725473599999999,Fruits and Vegetables,257.633,OUT013,Supermarket Type1,1537.9979999999998
FDM56,16.7,Low Fat,0.070133177,Fruits and Vegetables,109.8912,OUT013,Supermarket Type1,873.5296
NCI43,19.85,Low Fat,0.025947095,Household,46.9376,OUT013,Supermarket Type1,575.2512
FDK10,5.785,Regular,0.040325274,Snack Foods,180.46599999999998,OUT013,Supermarket Type1,719.064
FDA39,6.32,Low Fat,0.012707362,Meat,41.0822,OUT013,Supermarket Type1,942.7728
FDZ10,17.85,Low Fat,0.04442649,Snack Foods,124.902,OUT013,Supermarket Type1,1897.53
DRD24,13.85,Low Fat,0.030769458,Soft Drinks,141.7154,OUT013,Supermarket Type1,2978.1234
FDO22,13.5,Regular,0.017844608999999997,Snack Foods,81.396,OUT013,Supermarket Type1,1198.44
FDI16,14.0,Regular,0.135662712,Frozen Foods,52.06399999999999,OUT013,Supermarket Type1,852.2239999999999
FDV50,14.3,Low Fat,0.12246920900000001,Dairy,121.973,OUT013,Supermarket Type1,2709.8059999999996
FDL43,10.1,Low Fat,0.027041858999999998,Meat,77.567,OUT013,Supermarket Type1,306.268
FDX59,10.195,Low Fat,0.051618280999999995,Breads,31.9558,OUT013,Supermarket Type1,373.5138
DRH36,16.2,Low Fat,0.0,Soft Drinks,73.4696,OUT013,Supermarket Type1,2087.9488
NCA17,20.6,LF,0.045380404000000006,Health and Hygiene,148.4392,OUT013,Supermarket Type1,1789.6704
FDR32,6.78,Regular,0.08573655,Fruits and Vegetables,229.5694,OUT013,Supermarket Type1,3425.5409999999997
FDR12,12.6,Regular,0.03150851,Baking Goods,170.5764,OUT013,Supermarket Type1,3779.0808
FDQ16,19.7,LF,0.041703666,Frozen Foods,109.1912,OUT013,Supermarket Type1,1637.868
FDZ52,19.2,Low Fat,0.099991245,Frozen Foods,112.7886,OUT013,Supermarket Type1,1779.0176
NCD54,21.1,Low Fat,0.028984804,Household,146.1786,OUT013,Supermarket Type1,3034.0506
FDH02,7.27,Regular,0.02076385,Canned,89.0488,OUT013,Supermarket Type1,181.0976
NCD43,8.85,Low Fat,0.016006626,Household,105.6964,OUT013,Supermarket Type1,210.3928
FDY19,19.75,Low Fat,0.041330512,Fruits and Vegetables,115.8466,OUT013,Supermarket Type1,2474.7786
FDT21,7.42,Low Fat,0.020374875,Snack Foods,248.0092,OUT013,Supermarket Type1,1245.046
FDC51,10.895,Regular,0.009613854,Dairy,122.973,OUT013,Supermarket Type1,1231.73
FDN04,11.8,Regular,0.014075333999999998,Frozen Foods,176.8344,OUT013,Supermarket Type1,3568.688
FDW47,15.0,Low Fat,0.046336634,Breads,120.0414,OUT013,Supermarket Type1,3533.4006
FDB17,13.15,Low Fat,0.036641589,Frozen Foods,180.7976,OUT013,Supermarket Type1,6157.3184
FDC03,8.575,Regular,0.07178670599999999,Dairy,193.3794,OUT013,Supermarket Type1,780.3176
FDQ10,12.85,Low Fat,0.03315162,Snack Foods,170.6422,OUT013,Supermarket Type1,2931.5174
FDR49,8.71,Low Fat,0.0,Canned,46.5376,OUT013,Supermarket Type1,575.2512
NCM30,19.1,LF,0.067239404,Household,39.6796,OUT013,Supermarket Type1,660.4736
FDP38,10.1,Low Fat,0.032075379,Canned,50.9008,OUT013,Supermarket Type1,354.2056
FDO23,17.85,Low Fat,0.146305498,Breads,94.1436,OUT013,Supermarket Type1,1607.2412
NCE54,20.7,Low Fat,0.026877471,Household,74.6354,OUT013,Supermarket Type1,1053.2956
FDL24,10.3,Regular,0.024875871,Baking Goods,173.0422,OUT013,Supermarket Type1,2069.3064
FDX56,17.1,Regular,0.073997843,Fruits and Vegetables,207.0638,OUT013,Supermarket Type1,4969.5312
FDF09,6.215,Low Fat,0.012138795,Fruits and Vegetables,39.2848,OUT013,Supermarket Type1,521.9872
FDW44,9.5,Regular,0.035121963,Fruits and Vegetables,168.6448,OUT013,Supermarket Type1,1022.6688
DRE48,8.43,Low Fat,0.017311312,Soft Drinks,197.8768,OUT013,Supermarket Type1,3744.4592
FDQ19,7.35,Regular,0.014353174,Fruits and Vegetables,242.6512,OUT013,Supermarket Type1,969.4048
FDE17,20.1,Regular,0.054410179,Frozen Foods,151.3366,OUT013,Supermarket Type1,2720.4588
FDZ27,7.935,LF,0.017141985,Dairy,50.035,OUT013,Supermarket Type1,149.805
FDJ09,15.0,Low Fat,0.058346234000000004,Snack Foods,44.0744,OUT013,Supermarket Type1,633.8416
FDE32,20.7,Low Fat,0.048718334,Fruits and Vegetables,38.7506,OUT013,Supermarket Type1,227.7036
FDS37,7.655,Low Fat,0.031918284,Canned,117.7492,OUT013,Supermarket Type1,695.0952
FDC08,19.0,Regular,0.103363904,Fruits and Vegetables,226.172,OUT013,Supermarket Type1,3169.208
FDB20,7.72,Low Fat,0.05193741,Fruits and Vegetables,77.9986,OUT013,Supermarket Type1,934.7832
NCI30,20.25,Low Fat,0.058886477,Household,245.546,OUT013,Supermarket Type1,1724.422
FDX60,14.35,Low Fat,0.080527065,Baking Goods,79.296,OUT013,Supermarket Type1,719.064
DRJ39,20.25,Low Fat,0.036295834,Dairy,217.5482,OUT013,Supermarket Type1,1095.241
FDC32,18.35,Low Fat,0.099026525,Fruits and Vegetables,93.8462,OUT013,Supermarket Type1,1295.6468
FDU36,6.15,Low Fat,0.046232445,Baking Goods,99.4384,OUT013,Supermarket Type1,1379.5376
FDP44,16.5,Regular,0.07964724,Fruits and Vegetables,101.4332,OUT013,Supermarket Type1,1948.1308
NCA06,20.5,Low Fat,0.14316437099999998,Household,34.919000000000004,OUT013,Supermarket Type1,73.238
FDE04,19.75,Regular,0.018008071,Frozen Foods,180.46599999999998,OUT013,Supermarket Type1,3415.554
FDP60,17.35,Low Fat,0.0,Baking Goods,101.9016,OUT013,Supermarket Type1,1821.6288
FDC52,11.15,Regular,0.00827301,Dairy,150.4708,OUT013,Supermarket Type1,1956.1204
FDG56,13.3,Regular,0.0713931,Fruits and Vegetables,61.0536,OUT013,Supermarket Type1,1592.5936
NCB18,19.6,Low Fat,0.041256807,Household,88.8514,OUT013,Supermarket Type1,2125.2336
NCV41,14.35,Low Fat,0.017024598000000002,Health and Hygiene,109.8228,OUT013,Supermarket Type1,2099.9332
NCP53,14.75,Low Fat,0.032862976,Health and Hygiene,238.6906,OUT013,Supermarket Type1,4278.4308
NCZ30,6.59,Low Fat,0.026163192000000002,Household,121.5098,OUT013,Supermarket Type1,602.549
FDI56,7.325,Low Fat,0.09330766800000001,Fruits and Vegetables,92.7146,OUT013,Supermarket Type1,2006.7212
FDI10,8.51,reg,0.07833908099999999,Snack Foods,172.9422,OUT013,Supermarket Type1,1379.5376
NCB06,17.6,Low Fat,0.08226356,Health and Hygiene,160.49200000000002,OUT013,Supermarket Type1,1278.336
FDT25,7.5,Low Fat,0.050708743,Canned,123.4072,OUT013,Supermarket Type1,3185.1872
FDM36,11.65,Regular,0.058681957,Baking Goods,170.4422,OUT013,Supermarket Type1,517.3266
FDN31,11.5,Low Fat,0.072820885,Fruits and Vegetables,191.253,OUT013,Supermarket Type1,3036.048
FDZ45,14.1,Low Fat,0.06682033,Snack Foods,198.9084,OUT013,Supermarket Type1,4761.8016
FDK21,7.905,Low Fat,0.010003986999999999,Snack Foods,250.7408,OUT013,Supermarket Type1,5757.8384
FDD45,8.615,low fat,0.116152226,Fruits and Vegetables,94.1436,OUT013,Supermarket Type1,1512.6976
NCU17,5.32,Low Fat,0.0,Health and Hygiene,101.7674,OUT013,Supermarket Type1,1120.5414
FDD10,20.6,Regular,0.045982389000000005,Snack Foods,177.0344,OUT013,Supermarket Type1,535.3032
DRQ35,9.3,Low Fat,0.042256257,Hard Drinks,124.4388,OUT013,Supermarket Type1,1609.9044
NCC07,19.6,Low Fat,0.023931217,Household,103.1964,OUT013,Supermarket Type1,736.3748
FDU23,12.15,Low Fat,0.021705417,Breads,163.5184,OUT013,Supermarket Type1,3137.2496
FDW26,11.8,Regular,0.106968096,Dairy,221.6772,OUT013,Supermarket Type1,3113.2808
FDY47,8.6,Regular,0.05443912,Breads,128.83100000000002,OUT013,Supermarket Type1,1038.6480000000001
FDW43,20.1,Regular,0.022406575,Fruits and Vegetables,225.9036,OUT013,Supermarket Type1,3643.2576
FDP19,11.5,Low Fat,0.0,Fruits and Vegetables,129.3652,OUT013,Supermarket Type1,2066.6432
NCC43,7.39,low fat,0.09270568300000001,Household,251.9066,OUT013,Supermarket Type1,4267.1122
FDW60,5.44,Regular,0.017047751,Baking Goods,174.637,OUT013,Supermarket Type1,2999.429
DRN47,12.1,Low Fat,0.016812745,Hard Drinks,180.666,OUT013,Supermarket Type1,4134.6179999999995
FDU13,8.355,Low Fat,0.0,Canned,145.6418,OUT013,Supermarket Type1,3384.2614
NCQ18,15.75,Low Fat,0.13496039699999998,Household,101.37,OUT013,Supermarket Type1,2097.27
FDV25,5.905,low fat,0.045614252,Canned,221.5456,OUT013,Supermarket Type1,6852.4136
FDS49,9.0,Low Fat,0.07927948900000001,Canned,77.2644,OUT013,Supermarket Type1,1335.5948
NCY17,18.2,Low Fat,0.162960415,Health and Hygiene,43.5086,OUT013,Supermarket Type1,1070.6064
DRE60,9.395,Low Fat,0.159201868,Soft Drinks,226.072,OUT013,Supermarket Type1,3621.952
NCS18,12.65,Low Fat,0.042175992,Household,106.4938,OUT013,Supermarket Type1,2465.4574
FDC09,15.5,Regular,0.026280116,Fruits and Vegetables,102.3332,OUT013,Supermarket Type1,922.7988
FDV03,17.6,Low Fat,0.058042925999999995,Meat,154.6314,OUT013,Supermarket Type1,1861.5768
FDY24,4.88,Regular,0.133382115,Baking Goods,55.0298,OUT013,Supermarket Type1,647.1576
FDZ37,8.1,Regular,0.0,Canned,88.5198,OUT013,Supermarket Type1,261.6594
FDT24,12.35,Regular,0.185704641,Baking Goods,77.1328,OUT013,Supermarket Type1,2239.7512
FDV16,7.75,Regular,0.08286168599999999,Frozen Foods,32.6558,OUT013,Supermarket Type1,679.1160000000001
NCR05,10.1,Low Fat,0.054585372,Health and Hygiene,196.5084,OUT013,Supermarket Type1,595.2252
NCD18,16.0,Low Fat,0.072608647,Household,228.3668,OUT013,Supermarket Type1,5298.4364
FDC02,21.35,Low Fat,0.068765205,Canned,260.4278,OUT013,Supermarket Type1,3644.5892
NCF43,8.51,Low Fat,0.05190268,Household,142.247,OUT013,Supermarket Type1,2862.94
FDR60,14.3,Low Fat,0.13030659,Baking Goods,75.7328,OUT013,Supermarket Type1,617.8624
FDW31,11.35,Regular,0.043122189000000005,Fruits and Vegetables,197.9742,OUT013,Supermarket Type1,995.3710000000001
FDA40,16.0,Regular,0.099188598,Frozen Foods,88.9856,OUT013,Supermarket Type1,1669.8264
FDI58,7.64,Regular,0.070645636,Snack Foods,91.212,OUT013,Supermarket Type1,466.06
FDB33,17.75,Low Fat,0.014568036000000001,Fruits and Vegetables,158.1262,OUT013,Supermarket Type1,4137.2812
FDK40,7.035,Low Fat,0.0,Frozen Foods,262.691,OUT013,Supermarket Type1,6048.793000000001
FDT55,13.6,Regular,0.043618827,Fruits and Vegetables,156.7946,OUT013,Supermarket Type1,2840.3028
FDP07,18.2,Low Fat,0.08982696,Fruits and Vegetables,197.111,OUT013,Supermarket Type1,589.2330000000001
FDW52,14.0,Regular,0.037491314,Frozen Foods,164.2526,OUT013,Supermarket Type1,1808.9786
NCJ30,5.82,Low Fat,0.0,Household,169.37900000000002,OUT013,Supermarket Type1,2376.906
NCI42,18.75,Low Fat,0.01035692,Household,208.3954,OUT013,Supermarket Type1,2709.1402
FDA44,19.7,Low Fat,0.053178425,Fruits and Vegetables,55.993,OUT013,Supermarket Type1,905.488
DRE49,20.75,Low Fat,0.021232317999999997,Soft Drinks,151.1024,OUT013,Supermarket Type1,2428.8384
FDV44,8.365,Regular,0.039811272,Fruits and Vegetables,191.3188,OUT013,Supermarket Type1,2285.0256
FDV40,17.35,Low Fat,0.014679558,Frozen Foods,73.6038,OUT013,Supermarket Type1,739.038
FDS07,12.35,Low Fat,0.099674817,Fruits and Vegetables,112.2518,OUT013,Supermarket Type1,1366.2216
FDO31,6.76,reg,0.028958563,Fruits and Vegetables,78.396,OUT013,Supermarket Type1,1757.7120000000002
FDO21,11.6,Regular,0.009754895999999999,Snack Foods,223.0404,OUT013,Supermarket Type1,2025.3636
FDH58,12.3,Low Fat,0.036908933,Snack Foods,115.9834,OUT013,Supermarket Type1,2073.3012
FDX57,17.25,Regular,0.0,Snack Foods,95.2068,OUT013,Supermarket Type1,2721.7904
FDR55,12.15,Regular,0.131973625,Fruits and Vegetables,187.9872,OUT013,Supermarket Type1,2458.1336
FDK14,6.98,LF,0.041071581,Canned,82.5934,OUT013,Supermarket Type1,1310.2944
FDQ40,11.1,Regular,0.035997543,Frozen Foods,176.9712,OUT013,Supermarket Type1,3691.1952
DRH11,5.98,Low Fat,0.075495088,Hard Drinks,55.3614,OUT013,Supermarket Type1,497.3526
DRK23,8.395,Low Fat,0.07191675,Hard Drinks,254.804,OUT013,Supermarket Type1,7843.124
FDO37,8.06,Low Fat,0.021358889,Breakfast,232.3326,OUT013,Supermarket Type1,2541.3586
FDS59,14.8,Regular,0.043856919,Breads,109.057,OUT013,Supermarket Type1,2746.425
FDX50,20.1,Low Fat,0.074565098,Dairy,111.3228,OUT013,Supermarket Type1,663.1368
FDY37,17.0,Regular,0.026546765,Canned,142.14700000000002,OUT013,Supermarket Type1,2147.205
FDW08,12.1,Low Fat,0.14825809,Fruits and Vegetables,108.428,OUT013,Supermarket Type1,1278.336
NCH43,8.42,Low Fat,0.070510189,Household,214.4192,OUT013,Supermarket Type1,1725.7536
DRB25,12.3,Low Fat,0.069401919,Soft Drinks,107.9938,OUT013,Supermarket Type1,2036.6822
FDU15,13.65,Regular,0.026579951,Meat,34.7532,OUT013,Supermarket Type1,683.1108
FDB47,8.8,Low Fat,0.071369947,Snack Foods,209.1612,OUT013,Supermarket Type1,2090.612
FDB02,9.695,Regular,0.029140008,Canned,176.33700000000002,OUT013,Supermarket Type1,3528.74
FDV14,19.85,Low Fat,0.044460448,Dairy,88.7856,OUT013,Supermarket Type1,1142.5128
DRP47,15.75,Low Fat,0.14048631,Hard Drinks,252.7382,OUT013,Supermarket Type1,3280.3966
FDS27,10.195,Regular,0.012447775,Meat,197.611,OUT013,Supermarket Type1,2553.343
FDL33,7.235,Low Fat,0.099879337,Snack Foods,195.1452,OUT013,Supermarket Type1,1761.7068
FDK56,9.695,Low Fat,0.12988983099999998,Fruits and Vegetables,185.3898,OUT013,Supermarket Type1,3554.7062
FDP46,15.35,Low Fat,0.074553522,Snack Foods,91.883,OUT013,Supermarket Type1,2606.607
FDR40,9.1,Regular,0.008027701,Frozen Foods,81.1618,OUT013,Supermarket Type1,2255.7304
FDK41,14.3,Low Fat,0.127435585,Frozen Foods,86.8224,OUT013,Supermarket Type1,852.2239999999999
FDU51,20.2,Regular,0.09643335900000001,Meat,178.5028,OUT013,Supermarket Type1,4604.6728
FDD38,16.75,Regular,0.008184911999999999,Canned,101.2674,OUT013,Supermarket Type1,1528.011
NCZ05,8.485,Low Fat,0.058083830999999995,Health and Hygiene,103.199,OUT013,Supermarket Type1,722.393
FDF47,20.85,Low Fat,0.09753699800000001,Starchy Foods,225.3746,OUT013,Supermarket Type1,3365.619
FDX38,10.5,Regular,0.048166900000000006,Dairy,48.8376,OUT013,Supermarket Type1,671.1264
NCK29,5.615,Low Fat,0.12566436,Health and Hygiene,123.473,OUT013,Supermarket Type1,1231.73
FDT57,15.2,Low Fat,0.019018943,Snack Foods,238.7248,OUT013,Supermarket Type1,1659.1736
NCD42,16.5,Low Fat,0.012627329,Health and Hygiene,38.7506,OUT013,Supermarket Type1,759.012
DRH37,17.6,Low Fat,0.041581725,Soft Drinks,163.3526,OUT013,Supermarket Type1,3453.5046
FDE47,14.15,low fat,0.037877202,Starchy Foods,124.0046,OUT013,Supermarket Type1,1618.5598
DRI01,7.97,Low Fat,0.034424277999999996,Soft Drinks,171.8422,OUT013,Supermarket Type1,2069.3064
FDS56,5.785,Regular,0.038724612,Fruits and Vegetables,263.9252,OUT013,Supermarket Type1,6033.4796
FDO44,12.6,Low Fat,0.087380432,Fruits and Vegetables,109.7228,OUT013,Supermarket Type1,1547.3192
FDX58,13.15,Low Fat,0.043727260999999996,Snack Foods,182.595,OUT013,Supermarket Type1,3478.805
FDL13,13.85,Regular,0.05627170099999999,Breakfast,232.23,OUT013,Supermarket Type1,1398.18
FDH40,11.6,Regular,0.078863888,Frozen Foods,83.2276,OUT013,Supermarket Type1,1543.3244
NCQ42,20.35,Low Fat,0.039235527,Household,127.2678,OUT013,Supermarket Type1,1017.3424
DRD13,15.0,Low Fat,0.049038621,Soft Drinks,65.4168,OUT013,Supermarket Type1,1661.8368
FDU32,8.785,Low Fat,0.0,Fruits and Vegetables,120.5414,OUT013,Supermarket Type1,1583.9382
FDT10,16.7,reg,0.061992874,Snack Foods,60.9562,OUT013,Supermarket Type1,355.5372
NCK06,5.03,Low Fat,0.008639333,Household,122.2756,OUT013,Supermarket Type1,2059.9852
NCS53,14.5,Low Fat,0.08970347599999999,Health and Hygiene,158.3604,OUT013,Supermarket Type1,1109.2228
FDD14,20.7,Low Fat,0.169667145,Canned,183.5266,OUT013,Supermarket Type1,4426.2384
FDA58,9.395,Low Fat,0.10366489699999999,Snack Foods,233.6932,OUT013,Supermarket Type1,1414.1592
NCH29,5.51,Low Fat,0.034445116,Health and Hygiene,95.8726,OUT013,Supermarket Type1,2153.1972
NCN30,16.35,Low Fat,0.016979063,Household,97.441,OUT013,Supermarket Type1,772.328
FDN58,13.8,Regular,0.056825065,Snack Foods,230.9984,OUT013,Supermarket Type1,4633.968
FDA13,15.85,Low Fat,0.078489577,Canned,39.9506,OUT013,Supermarket Type1,645.1602
NCF31,9.13,Low Fat,0.051804277999999995,Household,150.2024,OUT013,Supermarket Type1,1821.6288
FDL40,17.7,Low Fat,0.011603492,Frozen Foods,97.741,OUT013,Supermarket Type1,1158.492
NCC54,17.75,Low Fat,0.09762961099999999,Health and Hygiene,240.4196,OUT013,Supermarket Type1,4579.3724
FDD35,12.15,LF,0.025842905,Starchy Foods,119.844,OUT013,Supermarket Type1,599.22
FDY16,18.35,Regular,0.092150005,Frozen Foods,184.8266,OUT013,Supermarket Type1,3872.9586
NCV53,8.27,Low Fat,0.018797945,Health and Hygiene,241.28799999999998,OUT013,Supermarket Type1,5512.8240000000005
NCJ54,9.895,Low Fat,0.060017127999999996,Household,230.8642,OUT013,Supermarket Type1,4414.9198
NCM54,17.7,Low Fat,0.05089667,Household,125.5678,OUT013,Supermarket Type1,1398.8458
DRB01,7.39,Low Fat,0.08217094700000001,Soft Drinks,190.953,OUT013,Supermarket Type1,2466.7889999999998
FDZ25,15.7,Regular,0.027594063999999998,Canned,171.179,OUT013,Supermarket Type1,1867.569
FDX04,19.6,Regular,0.041536962000000004,Frozen Foods,46.0376,OUT013,Supermarket Type1,527.3136
FDP37,15.6,Low Fat,0.14298686300000002,Breakfast,130.3994,OUT013,Supermarket Type1,2826.9868
FDO19,17.7,Regular,0.016582833,Fruits and Vegetables,50.5034,OUT013,Supermarket Type1,1458.102
FDP08,20.5,Regular,0.112316501,Fruits and Vegetables,193.9478,OUT013,Supermarket Type1,4456.1994
FDX19,19.1,Low Fat,0.096653315,Fruits and Vegetables,235.1958,OUT013,Supermarket Type1,4673.916
NCY42,6.38,Low Fat,0.015149955,Household,144.047,OUT013,Supermarket Type1,3149.2340000000004
FDL28,10.0,Regular,0.06312198200000001,Frozen Foods,231.7668,OUT013,Supermarket Type1,460.7336
FDE44,14.65,Low Fat,0.171245426,Fruits and Vegetables,50.3692,OUT013,Supermarket Type1,591.2304
FDK33,17.85,Low Fat,0.0112259,Snack Foods,211.956,OUT013,Supermarket Type1,4474.1759999999995
FDR11,10.5,Regular,0.142419608,Breads,161.1578,OUT013,Supermarket Type1,1765.0358
NCG30,20.2,Low Fat,0.11222774699999999,Household,123.5046,OUT013,Supermarket Type1,2739.1012
FDM25,10.695,Regular,0.060615254,Breakfast,174.0712,OUT013,Supermarket Type1,2460.7968
FDV38,19.25,Low Fat,0.10168915099999999,Dairy,54.6956,OUT013,Supermarket Type1,163.7868
NCV06,11.3,Low Fat,0.066625843,Household,194.2478,OUT013,Supermarket Type1,2712.4692
NCY53,20.0,Low Fat,0.0,Health and Hygiene,110.2544,OUT013,Supermarket Type1,1454.1072
FDB51,6.92,Low Fat,0.038422076,Dairy,62.5852,OUT013,Supermarket Type1,438.0964
FDC44,15.6,Low Fat,0.17245325399999997,Fruits and Vegetables,115.1518,OUT013,Supermarket Type1,683.1108
FDK08,9.195,Regular,0.12220294599999999,Fruits and Vegetables,100.1016,OUT013,Supermarket Type1,1619.2256
FDS13,6.465,Low Fat,0.124402507,Canned,266.1884,OUT013,Supermarket Type1,5299.768
FDV26,20.25,Regular,0.076097073,Dairy,193.5794,OUT013,Supermarket Type1,1950.7939999999999
FDJ22,18.75,low fat,0.052766297000000004,Snack Foods,189.7504,OUT013,Supermarket Type1,2492.7552
NCW53,18.35,Low Fat,0.0304697,Health and Hygiene,191.3162,OUT013,Supermarket Type1,1346.9134
NCZ42,10.5,Low Fat,0.011278535,Household,237.0248,OUT013,Supermarket Type1,5451.5704
FDS14,7.285,Low Fat,0.049922304,Dairy,156.9288,OUT013,Supermarket Type1,1571.2879999999998
FDM51,11.8,Regular,0.025904648,Meat,102.4674,OUT013,Supermarket Type1,2037.348
DRD37,9.8,Low Fat,0.013830218,Soft Drinks,45.306000000000004,OUT013,Supermarket Type1,1304.968
NCK18,9.6,Low Fat,0.006692529,Household,164.9184,OUT013,Supermarket Type1,2972.1312
FDW01,14.5,LF,0.0,Canned,154.4682,OUT013,Supermarket Type1,1524.682
NCA05,20.75,Low Fat,0.0,Health and Hygiene,149.4734,OUT013,Supermarket Type1,2969.468
FDR10,17.6,Low Fat,0.010031539,Snack Foods,161.5552,OUT013,Supermarket Type1,1787.0072
FDW25,5.175,LF,0.03736783,Canned,86.9224,OUT013,Supermarket Type1,255.6672
FDV12,16.7,Regular,0.06082402,Baking Goods,98.7384,OUT013,Supermarket Type1,1773.6912
NCU06,17.6,Low Fat,0.074345142,Household,230.90099999999998,OUT013,Supermarket Type1,4364.319
FDM38,5.885,Regular,0.092694107,Canned,53.6982,OUT013,Supermarket Type1,1525.3478
DRH49,19.7,Low Fat,0.024635077000000002,Soft Drinks,84.1592,OUT013,Supermarket Type1,1073.2696
FDL32,15.7,Regular,0.0,Fruits and Vegetables,112.4544,OUT013,Supermarket Type1,1230.3984
FDX40,12.85,Low Fat,0.098910759,Frozen Foods,37.6164,OUT013,Supermarket Type1,308.9312
FDZ43,11.0,Regular,0.057011062,Fruits and Vegetables,241.9512,OUT013,Supermarket Type1,2908.2144
DRM59,5.88,Low Fat,0.003589104,Hard Drinks,155.5998,OUT013,Supermarket Type1,1691.7978
FDY38,13.6,Regular,0.119077255,Dairy,231.23,OUT013,Supermarket Type1,2330.3
FDZ15,13.1,Low Fat,0.020853376,Dairy,117.4782,OUT013,Supermarket Type1,1906.8512
FDS28,8.18,Regular,0.08233301900000001,Frozen Foods,58.1588,OUT013,Supermarket Type1,343.5528
FDZ20,16.1,Low Fat,0.034278413,Fruits and Vegetables,255.2356,OUT013,Supermarket Type1,6867.0612
FDL03,19.25,Regular,0.027058066000000002,Meat,194.81099999999998,OUT013,Supermarket Type1,2749.7540000000004
FDW07,18.0,Regular,0.142570104,Fruits and Vegetables,88.2514,OUT013,Supermarket Type1,1505.3738
FDV46,18.2,Low Fat,0.012597384,Snack Foods,141.218,OUT013,Supermarket Type1,2936.178
FDE33,19.35,Regular,0.049594299,Fruits and Vegetables,77.0644,OUT013,Supermarket Type1,2278.3676
NCZ53,9.6,Low Fat,0.024456797000000002,Health and Hygiene,186.6214,OUT013,Supermarket Type1,3203.1638
DRA59,8.27,Regular,0.127821472,Soft Drinks,185.9924,OUT013,Supermarket Type1,555.2772
FDH48,13.5,Low Fat,0.0,Baking Goods,88.054,OUT013,Supermarket Type1,1211.756
FDL10,8.395,Low Fat,0.0,Snack Foods,98.7042,OUT013,Supermarket Type1,892.8378
NCN18,8.895,Low Fat,0.12461088599999999,Household,113.1544,OUT013,Supermarket Type1,4250.4672
NCN06,8.39,Low Fat,0.120396991,Household,163.4868,OUT013,Supermarket Type1,4586.0304
NCE30,16.0,Low Fat,0.099053537,Household,212.6902,OUT013,Supermarket Type1,637.1706
FDW24,6.8,Low Fat,0.037465846000000004,Baking Goods,47.5034,OUT013,Supermarket Type1,534.6374
FDX09,9.0,LF,0.06519497099999999,Snack Foods,177.737,OUT013,Supermarket Type1,2117.244
DRD15,10.6,Low Fat,0.05674865900000001,Dairy,233.6642,OUT013,Supermarket Type1,3950.1914
FDA56,9.21,Low Fat,0.008757492,Fruits and Vegetables,120.8414,OUT013,Supermarket Type1,2071.3038
FDV39,11.3,Low Fat,0.007273831,Meat,196.6426,OUT013,Supermarket Type1,5141.3076
NCM26,20.5,LF,0.02312394,Others,154.634,OUT013,Supermarket Type1,2297.01
FDZ01,8.975,Regular,0.009051307,Canned,103.09899999999999,OUT013,Supermarket Type1,309.597
FDE57,9.6,Low Fat,0.03625493,Fruits and Vegetables,141.0154,OUT013,Supermarket Type1,2694.4926
NCT41,15.7,LF,0.055943697,Health and Hygiene,150.6024,OUT013,Supermarket Type1,2428.8384
NCA42,6.965,Low Fat,0.0,Household,159.4604,OUT013,Supermarket Type1,3169.208
DRB13,6.115,Regular,0.007038478000000001,Soft Drinks,189.253,OUT013,Supermarket Type1,3605.3070000000002
FDK51,19.85,Low Fat,0.005230785999999999,Dairy,265.1884,OUT013,Supermarket Type1,5034.7796
FDU02,13.35,low fat,0.102426197,Dairy,230.6352,OUT013,Supermarket Type1,5725.88
NCE19,8.97,Low Fat,0.092937216,Household,54.6956,OUT013,Supermarket Type1,764.3384
FDI60,7.22,Regular,0.03828933,Baking Goods,64.751,OUT013,Supermarket Type1,126.50200000000001
NCO26,7.235,Low Fat,0.07679167099999999,Household,116.4492,OUT013,Supermarket Type1,2316.984
FDG31,12.15,Low Fat,0.037864853999999996,Meat,63.0826,OUT013,Supermarket Type1,322.913
FDI20,19.1,Low Fat,0.038531668,Fruits and Vegetables,210.6586,OUT013,Supermarket Type1,5487.5236
FDC58,10.195,Low Fat,0.041907414,Snack Foods,43.8428,OUT013,Supermarket Type1,175.7712
NCC30,16.6,Low Fat,0.027556247000000002,Household,176.6344,OUT013,Supermarket Type1,1962.7784
FDY03,17.6,Regular,0.07605848400000001,Meat,111.8202,OUT013,Supermarket Type1,2025.3636
FDR46,16.85,Low Fat,0.139301634,Snack Foods,144.976,OUT013,Supermarket Type1,2783.0440000000003
FDD57,18.1,LF,0.022380952000000003,Fruits and Vegetables,93.6094,OUT013,Supermarket Type1,476.04699999999997
FDE46,18.6,Low Fat,0.01575657,Snack Foods,153.1366,OUT013,Supermarket Type1,3173.8686
NCO14,9.6,Low Fat,0.029619202999999997,Household,43.6086,OUT013,Supermarket Type1,624.5204
NCQ43,17.75,LF,0.111209003,Others,107.7912,OUT013,Supermarket Type1,982.7208
FDY57,20.2,reg,0.121153331,Snack Foods,97.3752,OUT013,Supermarket Type1,958.752
FDW49,19.5,LF,0.08248351599999999,Canned,179.2002,OUT013,Supermarket Type1,2865.6032
NCO18,13.15,Low Fat,0.024630755,Household,178.2686,OUT013,Supermarket Type1,2666.5290000000005
FDJ45,17.75,Low Fat,0.073349552,Seafood,34.2216,OUT013,Supermarket Type1,934.7832
DRD12,6.96,Low Fat,0.077129323,Soft Drinks,92.7146,OUT013,Supermarket Type1,1733.0774
DRC25,5.73,Low Fat,0.045334097999999996,Soft Drinks,87.0882,OUT013,Supermarket Type1,1803.6522
NCW54,7.5,Low Fat,0.096333029,Household,57.8588,OUT013,Supermarket Type1,1145.1760000000002
FDA26,7.855,Regular,0.07385892299999999,Dairy,218.6482,OUT013,Supermarket Type1,3723.8194
NCU41,18.85,Low Fat,0.0520115,Health and Hygiene,190.3846,OUT013,Supermarket Type1,3630.6074
DRG13,17.25,Low Fat,0.037155206,Soft Drinks,166.4526,OUT013,Supermarket Type1,3782.4098
FDL58,5.78,Regular,0.074087369,Snack Foods,264.9568,OUT013,Supermarket Type1,6855.0768
FDD44,8.05,Regular,0.0,Fruits and Vegetables,257.5646,OUT013,Supermarket Type1,5153.292
DRP35,18.85,Low Fat,0.09079168,Hard Drinks,127.1336,OUT013,Supermarket Type1,3579.3408
DRM23,16.6,Low Fat,0.135620265,Hard Drinks,172.9422,OUT013,Supermarket Type1,2931.5174
FDT08,13.65,LF,0.04917754,Fruits and Vegetables,151.805,OUT013,Supermarket Type1,2696.49
DRL35,15.7,Low Fat,0.03067808,Hard Drinks,44.777,OUT013,Supermarket Type1,605.878
NCN43,12.15,Low Fat,0.006754117,Others,122.17299999999999,OUT013,Supermarket Type1,2586.633
NCD07,9.1,Low Fat,0.055382615999999996,Household,115.0518,OUT013,Supermarket Type1,683.1108
FDB23,19.2,reg,0.005583951,Starchy Foods,226.9062,OUT013,Supermarket Type1,4514.124
FDK50,7.96,Low Fat,0.028339599,Canned,162.4894,OUT013,Supermarket Type1,1779.6834
FDF53,20.75,Regular,0.083536989,Frozen Foods,180.3318,OUT013,Supermarket Type1,4149.9314
NCE42,21.1,Low Fat,0.010593469,Household,234.2958,OUT013,Supermarket Type1,3739.1328
DRK47,7.905,Low Fat,0.064011067,Hard Drinks,230.2694,OUT013,Supermarket Type1,4567.388
FDQ09,7.235,Low Fat,0.058083830999999995,Snack Foods,113.6834,OUT013,Supermarket Type1,230.3668
DRE13,6.28,Low Fat,0.027682047,Soft Drinks,85.5198,OUT013,Supermarket Type1,1744.396
FDX03,15.85,Regular,0.061045133,Meat,44.7744,OUT013,Supermarket Type1,181.0976
FDI24,10.3,Low Fat,0.07867827599999999,Baking Goods,177.037,OUT013,Supermarket Type1,3705.177
FDM01,7.895,Regular,0.094488485,Breakfast,100.7332,OUT013,Supermarket Type1,1230.3984
FDT23,7.72,Regular,0.074669288,Breads,76.3986,OUT013,Supermarket Type1,1402.1748
FDV19,14.85,Regular,0.035227697,Fruits and Vegetables,159.5578,OUT013,Supermarket Type1,2085.9514
FDM32,20.5,Low Fat,0.020587886,Fruits and Vegetables,89.583,OUT013,Supermarket Type1,1797.66
FDZ09,17.6,Low Fat,0.10479168900000001,Snack Foods,165.2868,OUT013,Supermarket Type1,3111.9492
DRL37,15.5,Low Fat,0.053327763,Soft Drinks,44.477,OUT013,Supermarket Type1,865.54
FDY14,10.3,Low Fat,0.06998190900000001,Dairy,263.0226,OUT013,Supermarket Type1,6079.4198
FDZ51,11.3,Regular,0.054507422,Meat,96.3094,OUT013,Supermarket Type1,666.4658
FDH47,13.5,Regular,0.128709014,Starchy Foods,96.1068,OUT013,Supermarket Type1,1846.9292
NCO05,7.27,Low Fat,0.046520703,Health and Hygiene,97.7384,OUT013,Supermarket Type1,591.2304
FDG57,14.7,Low Fat,0.072238195,Fruits and Vegetables,47.5034,OUT013,Supermarket Type1,972.068
FDY01,11.8,Regular,0.170141787,Canned,116.7834,OUT013,Supermarket Type1,2303.6679999999997
NCE18,10.0,Low Fat,0.021407511,Household,248.175,OUT013,Supermarket Type1,3495.45
NCR53,12.15,Low Fat,0.14492016,Health and Hygiene,224.4404,OUT013,Supermarket Type1,1800.3232
FDR31,6.46,Regular,0.049121972,Fruits and Vegetables,144.6102,OUT013,Supermarket Type1,2916.204
NCJ05,18.7,Low Fat,0.04604992,Health and Hygiene,151.9682,OUT013,Supermarket Type1,3354.3004
FDX49,4.615,Regular,0.101747034,Canned,231.33,OUT013,Supermarket Type1,4660.6
FDJ10,5.095,Regular,0.129395895,Snack Foods,140.3838,OUT013,Supermarket Type1,1826.2894
DRJ47,18.25,Low Fat,0.04421348,Hard Drinks,173.408,OUT013,Supermarket Type1,1038.6480000000001
FDS20,8.85,Low Fat,0.053822086,Fruits and Vegetables,183.8292,OUT013,Supermarket Type1,2554.0088
FDC37,15.5,Low Fat,0.032845997,Baking Goods,106.7938,OUT013,Supermarket Type1,3215.8140000000003
FDL04,19.0,Low Fat,0.11183028199999999,Frozen Foods,105.4622,OUT013,Supermarket Type1,952.7598
FDQ48,14.3,reg,0.034382602000000005,Baking Goods,96.5726,OUT013,Supermarket Type1,2251.0698
FDK16,9.065,Low Fat,0.115233813,Frozen Foods,94.4094,OUT013,Supermarket Type1,2856.282
FDF52,9.3,Low Fat,0.066727717,Frozen Foods,181.6292,OUT013,Supermarket Type1,2371.5796
FDS48,15.15,Low Fat,0.027756137,Baking Goods,150.4708,OUT013,Supermarket Type1,2106.5912
NCH07,13.15,Low Fat,0.092589917,Household,159.5604,OUT013,Supermarket Type1,1901.5248
NCK54,12.15,Low Fat,0.0,Household,117.615,OUT013,Supermarket Type1,1514.695
FDK55,18.5,Low Fat,0.025740258999999998,Meat,89.4172,OUT013,Supermarket Type1,1605.9096
FDZ38,17.6,Low Fat,0.00799436,Dairy,171.6422,OUT013,Supermarket Type1,3793.7284
FDG60,20.35,Low Fat,0.060649213,Baking Goods,232.7616,OUT013,Supermarket Type1,2812.3392
FDN13,18.6,LF,0.15193174199999998,Breakfast,101.1358,OUT013,Supermarket Type1,1105.8938
NCQ38,16.35,Low Fat,0.013355306,Others,105.52799999999999,OUT013,Supermarket Type1,2024.0320000000002
FDN09,14.15,Low Fat,0.034845667999999996,Snack Foods,242.7828,OUT013,Supermarket Type1,3167.8764
DRF15,18.35,LF,0.0,Dairy,151.934,OUT013,Supermarket Type1,306.268
NCX05,15.2,Low Fat,0.09698132,Health and Hygiene,116.3492,OUT013,Supermarket Type1,2548.6824
NCQ50,18.75,LF,0.034278798,Household,214.1218,OUT013,Supermarket Type1,4488.1578
FDJ20,20.7,Regular,0.100091576,Fruits and Vegetables,125.5388,OUT013,Supermarket Type1,2105.2596
FDH41,9.0,Low Fat,0.081943273,Frozen Foods,214.5534,OUT013,Supermarket Type1,3440.8544
FDN15,17.5,Low Fat,0.016720132,Meat,139.918,OUT013,Supermarket Type1,419.454
NCF18,18.35,Low Fat,0.08890854699999999,Household,192.8504,OUT013,Supermarket Type1,2876.256
FDU16,19.25,Regular,0.058226609000000006,Frozen Foods,85.2908,OUT013,Supermarket Type1,671.1264
NCA29,10.5,Low Fat,0.027253711,Household,170.9106,OUT013,Supermarket Type1,3251.1014
FDA19,7.52,LF,0.055081622999999996,Fruits and Vegetables,128.8994,OUT013,Supermarket Type1,2055.9904
FDY13,12.1,Low Fat,0.030102335,Canned,74.767,OUT013,Supermarket Type1,2220.4429999999998
FDF39,14.85,Regular,0.019495051,Dairy,261.291,OUT013,Supermarket Type1,10256.649
FDZ57,10.0,Regular,0.03773288,Snack Foods,128.2994,OUT013,Supermarket Type1,1413.4934
NCL31,7.39,Low Fat,0.12018089400000001,Others,141.447,OUT013,Supermarket Type1,2290.3520000000003
FDD52,18.25,Regular,0.183142346,Dairy,110.35700000000001,OUT013,Supermarket Type1,2087.283
FDN34,15.6,Regular,0.0,Snack Foods,170.6132,OUT013,Supermarket Type1,6595.4148
DRI25,19.6,Low Fat,0.03387323,Soft Drinks,56.1614,OUT013,Supermarket Type1,828.921
NCP14,8.275,Low Fat,0.11019797699999999,Household,104.2306,OUT013,Supermarket Type1,3658.571
FDP20,19.85,Low Fat,0.045631230999999994,Fruits and Vegetables,128.102,OUT013,Supermarket Type1,1265.02
NCB55,15.7,Low Fat,0.160529322,Household,59.2562,OUT013,Supermarket Type1,296.281
FDD03,13.3,Low Fat,0.079739853,Dairy,233.03,OUT013,Supermarket Type1,5359.69
FDT14,10.695,Regular,0.127620811,Dairy,119.244,OUT013,Supermarket Type1,3475.4759999999997
FDE14,13.65,Regular,0.031418984,Canned,99.27,OUT013,Supermarket Type1,2596.62
FDZ49,11.0,Regular,0.133034816,Canned,222.0798,OUT013,Supermarket Type1,2864.9374
FDS24,20.85,Regular,0.062172698,Baking Goods,90.2514,OUT013,Supermarket Type1,619.8598
FDN33,6.305,Regular,0.12301331,Snack Foods,93.2436,OUT013,Supermarket Type1,2079.9592
NCC06,19.0,Low Fat,0.026963908999999998,Household,129.8336,OUT013,Supermarket Type1,3451.5072
FDW48,18.0,Low Fat,0.008533716,Baking Goods,78.5618,OUT013,Supermarket Type1,402.809
FDP11,15.85,Low Fat,0.069043044,Breads,218.7166,OUT013,Supermarket Type1,4136.6154
FDF21,10.3,Regular,0.05877842900000001,Fruits and Vegetables,187.85299999999998,OUT013,Supermarket Type1,2656.542
FDK58,11.35,Regular,0.044945123,Snack Foods,101.0016,OUT013,Supermarket Type1,2631.2416
NCK17,11.0,Low Fat,0.03786331,Health and Hygiene,40.948,OUT013,Supermarket Type1,319.584
FDC38,15.7,Low Fat,0.122392031,Canned,133.1942,OUT013,Supermarket Type1,2782.3782
FDI52,18.7,Low Fat,0.10459102699999999,Frozen Foods,121.4072,OUT013,Supermarket Type1,2450.144
FDI21,5.59,Regular,0.056555715,Snack Foods,62.6168,OUT013,Supermarket Type1,639.168
FDE35,7.06,reg,0.043863865,Starchy Foods,59.5904,OUT013,Supermarket Type1,761.6752
FDU20,19.35,Regular,0.021439694,Fruits and Vegetables,119.7098,OUT013,Supermarket Type1,1325.6078
FDS04,10.195,Regular,0.146540889,Frozen Foods,141.7838,OUT013,Supermarket Type1,1685.8056
FDO60,20.0,Low Fat,0.034340926,Baking Goods,45.4086,OUT013,Supermarket Type1,981.3892
FDC39,7.405,Low Fat,0.159062948,Dairy,208.9296,OUT013,Supermarket Type1,2700.4848
NCF19,13.0,Low Fat,0.035079516,Household,47.9034,OUT013,Supermarket Type1,583.2408
NCN53,5.175,Low Fat,0.030330202,Health and Hygiene,35.4874,OUT013,Supermarket Type1,388.1614
DRF37,17.25,Low Fat,0.08426245800000001,Soft Drinks,261.591,OUT013,Supermarket Type1,3418.883
DRC01,5.92,Regular,0.019184026,Soft Drinks,50.3692,OUT013,Supermarket Type1,591.2304
DRK13,11.8,Low Fat,0.11507174,Soft Drinks,198.2084,OUT013,Supermarket Type1,3769.7596
FDT28,13.3,Low Fat,0.063513272,Frozen Foods,149.9708,OUT013,Supermarket Type1,2106.5912
FDU22,12.35,Low Fat,0.0,Snack Foods,118.9124,OUT013,Supermarket Type1,3199.8348
FDT37,14.15,Low Fat,0.035240817,Canned,255.5014,OUT013,Supermarket Type1,5355.0294
DRG37,16.2,Low Fat,0.019362306,Soft Drinks,154.6972,OUT013,Supermarket Type1,1713.7692
NCS29,9.0,Low Fat,0.069487587,Health and Hygiene,266.6884,OUT013,Supermarket Type1,3974.8259999999996
FDB45,20.85,Low Fat,0.021312043,Fruits and Vegetables,104.9306,OUT013,Supermarket Type1,2299.6732
FDW32,18.35,Regular,0.09421836300000001,Fruits and Vegetables,83.9882,OUT013,Supermarket Type1,1202.4348
FDK36,7.09,LF,0.00720931,Baking Goods,48.1034,OUT013,Supermarket Type1,1069.2748
FDL57,15.1,Regular,0.067020992,Snack Foods,260.3304,OUT013,Supermarket Type1,5424.9384
NCD30,19.7,Low Fat,0.026826918999999998,Household,98.7726,OUT013,Supermarket Type1,1859.5794
FDE20,11.35,Regular,0.005525913,Fruits and Vegetables,168.27900000000002,OUT013,Supermarket Type1,2376.906
NCB54,8.76,Low Fat,0.050011058,Health and Hygiene,126.7336,OUT013,Supermarket Type1,639.168
FDT31,19.75,Low Fat,0.012437935,Fruits and Vegetables,189.9872,OUT013,Supermarket Type1,3781.744
FDW12,8.315,Regular,0.035542581000000004,Baking Goods,143.3444,OUT013,Supermarket Type1,1596.5884
NCD06,13.0,low fat,0.09924262199999999,Household,46.306000000000004,OUT013,Supermarket Type1,699.09
FDC57,20.1,Regular,0.054549098,Fruits and Vegetables,193.782,OUT013,Supermarket Type1,1158.492
FDY56,16.35,Regular,0.062359467,Fruits and Vegetables,224.0062,OUT013,Supermarket Type1,4288.4178
FDS39,6.895,Low Fat,0.022441883,Meat,143.8812,OUT013,Supermarket Type1,2707.1428
FDH56,9.8,Regular,0.063764099,Fruits and Vegetables,113.8492,OUT013,Supermarket Type1,1737.7379999999998
FDX47,6.55,Regular,0.034575546,Breads,156.5288,OUT013,Supermarket Type1,1571.2879999999998
FDA15,9.3,Low Fat,0.016009057,Dairy,250.6092,OUT013,Supermarket Type1,6474.2392
DRI03,6.03,Low Fat,0.022684799999999998,Dairy,178.1028,OUT013,Supermarket Type1,4604.6728
NCA54,16.5,Low Fat,0.036611104,Household,180.9318,OUT013,Supermarket Type1,3247.7724
FDF10,15.5,reg,0.156797787,Snack Foods,148.6418,OUT013,Supermarket Type1,3972.8286
FDM10,18.25,Low Fat,0.075908374,Snack Foods,213.4218,OUT013,Supermarket Type1,3846.9924
NCR17,9.8,Low Fat,0.024363026,Health and Hygiene,114.0492,OUT013,Supermarket Type1,2085.2856
NCQ17,10.3,Low Fat,0.0,Health and Hygiene,154.66299999999998,OUT013,Supermarket Type1,2816.3340000000003
FDE45,12.1,Low Fat,0.040323731,Fruits and Vegetables,180.0002,OUT013,Supermarket Type1,4656.6052
FDD47,7.6,Regular,0.142292265,Starchy Foods,171.3448,OUT013,Supermarket Type1,3238.4512
FDP28,13.65,Regular,0.08057337099999999,Frozen Foods,260.1936,OUT013,Supermarket Type1,3914.9040000000005
FDU34,18.25,Low Fat,0.075132353,Snack Foods,125.9046,OUT013,Supermarket Type1,2365.5874
FDO28,5.765,Low Fat,0.072238195,Frozen Foods,120.0098,OUT013,Supermarket Type1,1687.1372
FDG32,19.85,Low Fat,0.175849067,Fruits and Vegetables,222.0772,OUT013,Supermarket Type1,2001.3948
FDU38,10.8,Low Fat,0.0824812,Dairy,191.6504,OUT013,Supermarket Type1,2492.7552
FDS36,8.38,Regular,0.046848322000000005,Baking Goods,110.557,OUT013,Supermarket Type1,3844.995
FDL09,19.6,Regular,0.127929521,Snack Foods,167.4816,OUT013,Supermarket Type1,3691.1952
FDI50,8.42,Regular,0.030816998999999998,Canned,230.8352,OUT013,Supermarket Type1,3435.528
FDL51,20.7,Regular,0.04745185,Dairy,214.6876,OUT013,Supermarket Type1,3001.4264
FDB57,20.25,Regular,0.018789455,Fruits and Vegetables,222.0772,OUT013,Supermarket Type1,3113.2808
FDA04,11.3,Regular,0.066674465,Frozen Foods,259.1962,OUT013,Supermarket Type1,5179.924
FDS57,15.5,Low Fat,0.103356186,Snack Foods,142.847,OUT013,Supermarket Type1,1574.6170000000002
FDW15,15.35,Regular,0.055067732,Meat,146.5734,OUT013,Supermarket Type1,2375.5744
NCV29,11.8,LF,0.022824491000000002,Health and Hygiene,177.0686,OUT013,Supermarket Type1,3022.0662
FDE28,9.5,Regular,0.0,Frozen Foods,231.3668,OUT013,Supermarket Type1,5759.17
FDV45,16.75,Low Fat,0.045009952,Snack Foods,186.8556,OUT013,Supermarket Type1,2440.8228
FDN40,5.88,Low Fat,0.08638484099999999,Frozen Foods,153.2998,OUT013,Supermarket Type1,2153.1972
FDA34,11.5,Low Fat,0.01484819,Starchy Foods,172.108,OUT013,Supermarket Type1,2077.2960000000003
FDD29,12.15,Low Fat,0.018395194,Frozen Foods,251.6698,OUT013,Supermarket Type1,6088.0752
FDV04,7.825,Regular,0.149890395,Frozen Foods,159.0288,OUT013,Supermarket Type1,1257.0304
DRJ23,18.35,Low Fat,0.041634206,Hard Drinks,188.1872,OUT013,Supermarket Type1,3781.744
FDP36,10.395,Regular,0.091096531,Baking Goods,52.3008,OUT013,Supermarket Type1,2226.4352
NCC19,6.57,Low Fat,0.09679995300000001,Household,192.382,OUT013,Supermarket Type1,4247.804
FDC22,6.89,Regular,0.136314863,Snack Foods,195.082,OUT013,Supermarket Type1,2703.1479999999997
DRM49,6.11,Regular,0.151827552,Soft Drinks,43.0086,OUT013,Supermarket Type1,490.6946
NCT54,8.695,Low Fat,0.119436131,Household,94.7094,OUT013,Supermarket Type1,1047.3034
FDX11,16.0,Regular,0.106663245,Baking Goods,179.7634,OUT013,Supermarket Type1,4180.5582
FDA03,18.5,Regular,0.045425939000000005,Dairy,144.9102,OUT013,Supermarket Type1,1895.5326
FDQ24,15.7,Low Fat,0.073605395,Baking Goods,249.6724,OUT013,Supermarket Type1,6543.4824
FDA45,21.25,Low Fat,0.155250377,Snack Foods,175.737,OUT013,Supermarket Type1,2117.244
FDK45,11.65,Low Fat,0.033830011,Seafood,111.686,OUT013,Supermarket Type1,1584.604
DRN37,9.6,Low Fat,0.096217262,Soft Drinks,168.5158,OUT013,Supermarket Type1,3342.316
FDC11,20.5,Low Fat,0.141674844,Starchy Foods,90.7172,OUT013,Supermarket Type1,1605.9096
NCW29,14.0,Low Fat,0.028838937999999998,Health and Hygiene,129.33100000000002,OUT013,Supermarket Type1,259.66200000000003
FDN46,7.21,Regular,0.144511119,Snack Foods,100.5332,OUT013,Supermarket Type1,2460.7968
FDG50,7.405,Low Fat,0.015259084,Canned,91.0146,OUT013,Supermarket Type1,729.7168
NCM19,12.65,Low Fat,0.047197935999999996,Others,114.1202,OUT013,Supermarket Type1,3488.1262
NCW18,15.1,Low Fat,0.059275452,Household,238.9248,OUT013,Supermarket Type1,6636.6944
FDG26,18.85,Low Fat,0.042614360999999996,Canned,255.333,OUT013,Supermarket Type1,1794.3310000000001
NCB43,20.2,Low Fat,0.0,Household,187.1898,OUT013,Supermarket Type1,2993.4368
FDP27,8.155,LF,0.119351235,Meat,190.153,OUT013,Supermarket Type1,4933.5779999999995
FDJ04,18.0,Low Fat,0.124348482,Frozen Foods,118.3124,OUT013,Supermarket Type1,948.0992
DRC36,13.0,Regular,0.0,Soft Drinks,173.6054,OUT013,Supermarket Type1,1751.0539999999999
FDD11,12.85,Low Fat,0.030591255,Starchy Foods,251.40400000000002,OUT013,Supermarket Type1,2277.036
FDJ12,8.895,Regular,0.039008625,Baking Goods,209.0296,OUT013,Supermarket Type1,2285.0256
NCA30,19.0,Low Fat,0.129226104,Household,190.5872,OUT013,Supermarket Type1,1890.872
NCN26,10.85,Low Fat,0.0,Household,119.0808,OUT013,Supermarket Type1,2343.616
FDW21,5.34,Regular,0.0059589180000000005,Snack Foods,101.6358,OUT013,Supermarket Type1,1709.1086
FDA55,17.2,Regular,0.056941603,Fruits and Vegetables,222.5088,OUT013,Supermarket Type1,5369.0112
FDT20,10.5,Low Fat,0.041360997000000004,Fruits and Vegetables,39.5164,OUT013,Supermarket Type1,926.7936
FDY52,6.365,Low Fat,0.007342171,Frozen Foods,59.9536,OUT013,Supermarket Type1,980.0576
NCA18,10.1,Low Fat,0.056030907000000005,Household,115.1492,OUT013,Supermarket Type1,1737.7379999999998
NCJ06,20.1,Low Fat,0.034623782,Household,118.9782,OUT013,Supermarket Type1,1549.3166
FDE29,8.905,Low Fat,0.143010016,Frozen Foods,61.6878,OUT013,Supermarket Type1,1029.9926
FDU24,6.78,Regular,0.0,Baking Goods,94.012,OUT013,Supermarket Type1,1211.756
FDM58,16.85,Regular,0.079624087,Snack Foods,111.6544,OUT013,Supermarket Type1,2125.2336
NCO06,19.25,Low Fat,0.107940533,Household,35.5558,OUT013,Supermarket Type1,305.6022
FDQ21,21.25,low fat,0.019407069,Snack Foods,119.3756,OUT013,Supermarket Type1,3271.7412
FDF05,17.5,Low Fat,0.026848529,Frozen Foods,264.89099999999996,OUT013,Supermarket Type1,4996.829000000001
DRG25,10.5,Low Fat,0.019033838,Soft Drinks,185.62400000000002,OUT013,Supermarket Type1,6897.688
FDR23,15.85,Low Fat,0.081719458,Breads,178.037,OUT013,Supermarket Type1,2646.555
FDC33,8.96,Regular,0.068880971,Fruits and Vegetables,195.3768,OUT013,Supermarket Type1,2759.0752
FDV13,17.35,Regular,0.02758789,Canned,86.1856,OUT013,Supermarket Type1,703.0848
NCY30,20.25,Low Fat,0.02593166,Household,182.5976,OUT013,Supermarket Type1,3078.6592
FDP49,9.0,Regular,0.069031467,Breakfast,55.0614,OUT013,Supermarket Type1,442.0912
DRD27,18.75,Low Fat,0.023820082000000003,Dairy,97.6042,OUT013,Supermarket Type1,1488.0629999999999
NCK53,11.6,Low Fat,0.037549969,Health and Hygiene,101.2042,OUT013,Supermarket Type1,2281.6966
FDB28,6.615,Low Fat,0.09330766800000001,Dairy,195.9426,OUT013,Supermarket Type1,2570.6538
FDA57,18.85,Low Fat,0.03961061,Snack Foods,41.648,OUT013,Supermarket Type1,759.012
FDI04,13.65,Regular,0.07285175599999999,Frozen Foods,197.1426,OUT013,Supermarket Type1,3954.8520000000003
FDX23,6.445,Low Fat,0.029667053,Baking Goods,94.4436,OUT013,Supermarket Type1,1134.5232
FDX13,7.725,Low Fat,0.047743195,Canned,248.3092,OUT013,Supermarket Type1,6474.2392
DRG36,14.15,Low Fat,0.095298849,Soft Drinks,171.8106,OUT013,Supermarket Type1,3935.5438
FDL38,13.8,Regular,0.014720848,Canned,89.9172,OUT013,Supermarket Type1,1516.6924
FDN23,6.575,Regular,0.075444922,Breads,146.0444,OUT013,Supermarket Type1,2612.5992
FDO39,6.985,Regular,0.13725257,Meat,183.7608,OUT013,Supermarket Type1,2940.1728
NCT17,10.8,LF,0.041831007999999996,Health and Hygiene,186.6214,OUT013,Supermarket Type1,2261.0568
NCM07,9.395,Low Fat,0.039928582000000004,Others,83.2908,OUT013,Supermarket Type1,1258.362
NCQ06,13.0,Low Fat,0.041789718,Household,256.1014,OUT013,Supermarket Type1,2550.014
FDR04,7.075,Low Fat,0.022548195,Frozen Foods,95.7068,OUT013,Supermarket Type1,583.2408
FDF38,11.8,Regular,0.02633607,Canned,40.6138,OUT013,Supermarket Type1,406.13800000000003
FDY40,15.5,Regular,0.08576356199999999,Frozen Foods,49.0692,OUT013,Supermarket Type1,295.6152
FDW34,9.6,Low Fat,0.035549527000000004,Snack Foods,244.11700000000002,OUT013,Supermarket Type1,5346.374
FDO46,9.6,Regular,0.014200671000000002,Snack Foods,187.1872,OUT013,Supermarket Type1,3214.4824
FDU07,11.1,Low Fat,0.059797172,Fruits and Vegetables,151.8366,OUT013,Supermarket Type1,1057.9562
NCQ53,17.6,Low Fat,0.018889593,Health and Hygiene,236.25900000000001,OUT013,Supermarket Type1,4727.18
FDX33,9.195,Regular,0.117387066,Snack Foods,160.2578,OUT013,Supermarket Type1,4492.8184
FDL44,18.25,Low Fat,0.012264903,Fruits and Vegetables,162.8894,OUT013,Supermarket Type1,3397.5774
FDI22,12.6,Low Fat,0.096132367,Snack Foods,208.9612,OUT013,Supermarket Type1,4181.224
DRF01,5.655,Low Fat,0.174934513,Soft Drinks,145.0102,OUT013,Supermarket Type1,1895.5326
FDA02,14.0,Regular,0.029697925,Dairy,143.0786,OUT013,Supermarket Type1,3178.5292
FDT48,4.92,LF,0.045916788,Baking Goods,198.8084,OUT013,Supermarket Type1,2976.1259999999997
FDD40,20.25,Regular,0.014781046,Dairy,193.8162,OUT013,Supermarket Type1,3463.4916
FDV09,12.1,Low Fat,0.020551458,Snack Foods,146.6734,OUT013,Supermarket Type1,2227.101
FDV20,20.2,Regular,0.059751637999999996,Fruits and Vegetables,129.1678,OUT013,Supermarket Type1,1017.3424
FDQ34,10.85,Low Fat,0.16210760300000002,Snack Foods,106.3622,OUT013,Supermarket Type1,2117.244
FDT36,12.3,Low Fat,0.0,Baking Goods,37.2874,OUT013,Supermarket Type1,705.748
FDJ58,15.6,Regular,0.10520844800000001,Snack Foods,170.5764,OUT013,Supermarket Type1,4466.1864
FDY07,11.8,Low Fat,0.12150063,Fruits and Vegetables,46.8402,OUT013,Supermarket Type1,413.4618
FDA38,5.44,Low Fat,0.025458716,Dairy,241.2538,OUT013,Supermarket Type1,3124.5994
NCP30,20.5,Low Fat,0.032741422,Household,40.4822,OUT013,Supermarket Type1,589.2330000000001
FDS40,15.35,Low Fat,0.014007727,Frozen Foods,38.319,OUT013,Supermarket Type1,292.952
FDC14,14.5,Regular,0.041214746000000003,Canned,42.0454,OUT013,Supermarket Type1,629.181
FDM60,10.8,Regular,0.0,Baking Goods,39.3138,OUT013,Supermarket Type1,1015.345
NCG18,15.3,Low Fat,0.02295878,Household,101.6332,OUT013,Supermarket Type1,1845.5976
DRF27,8.93,Low Fat,0.028393624,Dairy,153.434,OUT013,Supermarket Type1,1378.2060000000001
FDT51,11.65,Regular,0.010909704,Meat,110.8544,OUT013,Supermarket Type1,1677.816
FDU57,8.27,Regular,0.089479661,Snack Foods,148.6708,OUT013,Supermarket Type1,2106.5912
FDA21,13.65,Low Fat,0.035930784,Snack Foods,184.4924,OUT013,Supermarket Type1,9069.5276
NCI55,18.6,Low Fat,0.012643035,Household,119.8414,OUT013,Supermarket Type1,365.5242
FDO20,12.85,Regular,0.152001201,Fruits and Vegetables,252.3382,OUT013,Supermarket Type1,6056.1168
NCG55,16.25,Low Fat,0.039113587000000005,Household,116.0176,OUT013,Supermarket Type1,1488.7288
DRE12,4.59,Low Fat,0.070721656,Soft Drinks,113.286,OUT013,Supermarket Type1,1471.418
FDD02,16.6,LF,0.0,Canned,117.3124,OUT013,Supermarket Type1,2014.7108
FDC53,8.68,Low Fat,0.008828341,Frozen Foods,99.9384,OUT013,Supermarket Type1,689.7688
FDV37,13.0,Regular,0.083444376,Canned,195.8426,OUT013,Supermarket Type1,4152.5946
FDR01,5.405,Regular,0.053576661,Canned,200.5742,OUT013,Supermarket Type1,2388.8904
FDQ15,20.35,Regular,0.150947728,Meat,81.0276,OUT013,Supermarket Type1,1868.2348
NCP02,7.105,Low Fat,0.044771473,Household,58.2562,OUT013,Supermarket Type1,592.562
FDT45,15.85,Low Fat,0.0,Snack Foods,55.1956,OUT013,Supermarket Type1,1255.6988
FDE51,5.925,Regular,0.09638705300000001,Dairy,45.6086,OUT013,Supermarket Type1,356.8688
FDX36,9.695,Regular,0.128176489,Baking Goods,224.8404,OUT013,Supermarket Type1,3600.6464
NCM41,16.5,Low Fat,0.035626319,Health and Hygiene,93.11200000000001,OUT013,Supermarket Type1,932.12
FDL22,16.85,Low Fat,0.036359891,Snack Foods,90.7488,OUT013,Supermarket Type1,2263.72
FDM50,13.0,Regular,0.030064132,Canned,58.022,OUT013,Supermarket Type1,898.83
FDJ48,11.3,Low Fat,0.056387854,Baking Goods,245.4118,OUT013,Supermarket Type1,6669.3186
FDM20,10.0,Low Fat,0.038653608,Fruits and Vegetables,245.4144,OUT013,Supermarket Type1,7105.4176
FDR48,11.65,Low Fat,0.131394793,Baking Goods,151.9024,OUT013,Supermarket Type1,1669.8264
FDD46,6.035,low fat,0.14113846,Snack Foods,155.0998,OUT013,Supermarket Type1,3691.1952
DRH13,8.575,Low Fat,0.023866079,Soft Drinks,107.12799999999999,OUT013,Supermarket Type1,958.752
FDI32,17.7,Low Fat,0.174228338,Fruits and Vegetables,117.1834,OUT013,Supermarket Type1,691.1004
FDU59,5.78,Low Fat,0.096306016,Breads,161.9552,OUT013,Supermarket Type1,2111.9176
FDZ23,17.75,Regular,0.067446626,Baking Goods,184.72400000000002,OUT013,Supermarket Type1,1677.816
DRZ11,8.85,Regular,0.11257118699999999,Soft Drinks,122.0388,OUT013,Supermarket Type1,1609.9044
FDY31,5.98,Low Fat,0.043526599000000006,Fruits and Vegetables,148.4418,OUT013,Supermarket Type1,2354.2688
FDX20,7.365,Low Fat,0.042524835,Fruits and Vegetables,228.372,OUT013,Supermarket Type1,4527.44
FDP03,5.15,Regular,0.06112617,Meat,122.5388,OUT013,Supermarket Type1,371.5164
FDD41,6.765,Regular,0.08718748800000001,Frozen Foods,105.5306,OUT013,Supermarket Type1,1567.9589999999998
FDN12,15.6,Low Fat,0.08103643599999999,Baking Goods,112.3544,OUT013,Supermarket Type1,2572.6512
FDM04,9.195,Regular,0.047081397999999997,Frozen Foods,51.1666,OUT013,Supermarket Type1,1179.1318
FDS55,7.02,Low Fat,0.081096635,Fruits and Vegetables,148.4734,OUT013,Supermarket Type1,3563.3616
NCS05,11.5,Low Fat,0.020960615,Health and Hygiene,133.2942,OUT013,Supermarket Type1,2649.884
FDD34,7.945,Low Fat,0.015863075,Snack Foods,161.821,OUT013,Supermarket Type1,2446.815
FDS22,16.85,Regular,0.023135131,Snack Foods,44.8428,OUT013,Supermarket Type1,703.0848
FDO48,15.0,Regular,0.02681843,Baking Goods,219.7456,OUT013,Supermarket Type1,3094.6384
FDA23,9.8,Low Fat,0.04714777,Baking Goods,102.4016,OUT013,Supermarket Type1,1720.4272
FDD39,16.7,low fat,0.070096518,Dairy,217.885,OUT013,Supermarket Type1,3894.93
FDB03,17.75,Regular,0.156701315,Dairy,240.7538,OUT013,Supermarket Type1,4566.7222
FDL34,16.0,Low Fat,0.040911824,Snack Foods,141.2496,OUT013,Supermarket Type1,3387.5904
FDL56,14.1,Low Fat,0.125675936,Fruits and Vegetables,86.9198,OUT013,Supermarket Type1,1133.8574
FDW55,12.6,Regular,0.021951613,Fruits and Vegetables,250.9092,OUT013,Supermarket Type1,4731.1748
DRF13,12.1,Low Fat,0.0,Soft Drinks,145.1444,OUT013,Supermarket Type1,3338.3212
FDJ21,16.7,Regular,0.038496166,Snack Foods,147.5102,OUT013,Supermarket Type1,5540.7876
FDZ33,10.195,Low Fat,0.10730767699999999,Snack Foods,149.8076,OUT013,Supermarket Type1,2217.114
FDG09,20.6,Regular,0.047896392999999995,Fruits and Vegetables,185.8556,OUT013,Supermarket Type1,1689.8004
NCJ17,7.68,Low Fat,0.152429537,Health and Hygiene,85.5224,OUT013,Supermarket Type1,1278.336
FDC21,14.6,Regular,0.04292307099999999,Fruits and Vegetables,109.8254,OUT013,Supermarket Type1,1627.881
DRG11,6.385,Low Fat,0.083768522,Hard Drinks,109.8596,OUT013,Supermarket Type1,3235.788
FDI41,18.5,Regular,0.062205112,Frozen Foods,148.3418,OUT013,Supermarket Type1,1765.7016
FDM27,12.35,Regular,0.158337479,Meat,157.9946,OUT013,Supermarket Type1,3313.6866
FDR21,19.7,LF,0.066879757,Snack Foods,174.437,OUT013,Supermarket Type1,1587.933
FDU12,15.5,Regular,0.075688032,Baking Goods,262.9568,OUT013,Supermarket Type1,1845.5976
FDI44,16.1,LF,0.10014945900000001,Fruits and Vegetables,78.4328,OUT013,Supermarket Type1,1158.492
DRJ51,14.1,Low Fat,0.087920675,Dairy,228.5668,OUT013,Supermarket Type1,1151.8339999999998
FDI15,13.8,Low Fat,0.14123493199999998,Dairy,263.7884,OUT013,Supermarket Type1,5564.7564
FDF08,14.3,Regular,0.065153295,Fruits and Vegetables,88.4856,OUT013,Supermarket Type1,1406.1696
NCH18,9.3,Low Fat,0.044624064000000005,Household,245.4802,OUT013,Supermarket Type1,3193.8426
DRN35,8.01,Low Fat,0.070189131,Hard Drinks,37.9532,OUT013,Supermarket Type1,826.9236
FDS35,9.3,Low Fat,0.111127966,Breads,63.1826,OUT013,Supermarket Type1,2002.0606
FDN38,6.615,Regular,0.091895319,Canned,248.6408,OUT013,Supermarket Type1,3504.7712
NCO43,5.5,Low Fat,0.047059015999999995,Others,100.1016,OUT013,Supermarket Type1,2125.2336
DRK12,9.5,Low Fat,0.041851461,Soft Drinks,31.49,OUT013,Supermarket Type1,466.06
FDH32,12.8,Low Fat,0.075996742,Fruits and Vegetables,97.141,OUT013,Supermarket Type1,2799.6890000000003
FDQ59,9.8,Regular,0.056339618,Breads,84.2908,OUT013,Supermarket Type1,755.0172
NCO54,19.5,Low Fat,0.014262413,Household,57.1614,OUT013,Supermarket Type1,331.5684
DRJ11,9.5,Low Fat,0.085020342,Hard Drinks,188.7872,OUT013,Supermarket Type1,1701.7848
FDW16,17.35,Regular,0.041439718,Frozen Foods,93.7804,OUT013,Supermarket Type1,2848.2924
FDW13,8.5,Low Fat,0.097803261,Canned,50.5324,OUT013,Supermarket Type1,882.8508
FDY27,6.38,Low Fat,0.03187163,Dairy,179.5344,OUT013,Supermarket Type1,4103.9912
FDX31,20.35,Regular,0.014813268000000001,Fruits and Vegetables,234.9958,OUT013,Supermarket Type1,5842.395
NCL53,7.5,Low Fat,0.036204764,Health and Hygiene,176.1028,OUT013,Supermarket Type1,1948.1308
FDG33,5.365,Regular,0.140123575,Seafood,172.0764,OUT013,Supermarket Type1,2748.4224
FDQ39,14.8,Low Fat,0.0,Meat,189.3846,OUT013,Supermarket Type1,4777.115
NCZ29,15.0,Low Fat,0.07131206400000001,Health and Hygiene,125.7362,OUT013,Supermarket Type1,3020.0688
FDC29,8.39,reg,0.024185517000000004,Frozen Foods,115.7176,OUT013,Supermarket Type1,1374.2112
FDS47,16.75,Low Fat,0.128778474,Breads,89.1856,OUT013,Supermarket Type1,1581.9408
DRH51,17.6,Low Fat,0.097135675,Dairy,89.3856,OUT013,Supermarket Type1,1318.2839999999999
FDX27,20.7,Regular,0.114022125,Dairy,92.9436,OUT013,Supermarket Type1,2174.5028
FDD58,7.76,Low Fat,0.05930285,Snack Foods,98.77,OUT013,Supermarket Type1,1697.79
FDR27,15.1,Regular,0.096020459,Meat,133.7942,OUT013,Supermarket Type1,2384.8956
NCS17,18.6,Low Fat,0.08043445099999999,Health and Hygiene,93.4436,OUT013,Supermarket Type1,1701.7848
DRD60,15.7,Low Fat,0.037201127,Soft Drinks,181.7634,OUT013,Supermarket Type1,2544.6876
FDA36,5.985,Low Fat,0.005661669,Baking Goods,186.5924,OUT013,Supermarket Type1,2591.2936
FDU27,18.6,Regular,0.17133418,Meat,48.8376,OUT013,Supermarket Type1,287.6256
FDH27,7.075,Low Fat,0.058298384,Dairy,145.8128,OUT013,Supermarket Type1,1725.7536
FDU19,8.77,Regular,0.0,Fruits and Vegetables,173.6422,OUT013,Supermarket Type1,517.3266
FDY48,14.0,Low Fat,0.02371512,Baking Goods,103.8332,OUT013,Supermarket Type1,1743.0644
NCP29,8.42,Low Fat,0.112177581,Health and Hygiene,65.9168,OUT013,Supermarket Type1,958.752
DRG15,6.13,Low Fat,0.0,Dairy,60.1536,OUT013,Supermarket Type1,1102.5648
NCB42,11.8,LF,0.008554052,Health and Hygiene,116.9492,OUT013,Supermarket Type1,1969.4364
FDO34,17.7,Low Fat,0.029914022000000002,Snack Foods,166.2816,OUT013,Supermarket Type1,2516.724
NCG43,20.2,Low Fat,0.074177667,Household,93.2462,OUT013,Supermarket Type1,1018.0082
FDV60,20.2,Regular,0.0,Baking Goods,197.21099999999998,OUT013,Supermarket Type1,3535.3979999999997
FDV34,10.695,Regular,0.01141595,Snack Foods,74.0038,OUT013,Supermarket Type1,1034.6532
NCU18,15.1,Low Fat,0.055793586,Household,139.7496,OUT013,Supermarket Type1,3952.1888
NCX53,20.1,Low Fat,0.014925407,Health and Hygiene,143.4154,OUT013,Supermarket Type1,3545.385
FDZ12,9.17,Low Fat,0.10289312099999999,Baking Goods,141.947,OUT013,Supermarket Type1,4008.116
FDD33,12.85,Low Fat,0.10810260599999999,Fruits and Vegetables,233.3642,OUT013,Supermarket Type1,3950.1914
FDS33,6.67,Regular,0.12332588,Snack Foods,90.2514,OUT013,Supermarket Type1,974.0654
FDH26,19.25,Regular,0.03467086,Canned,141.8496,OUT013,Supermarket Type1,2399.5432
FDB04,11.35,Regular,0.06317369099999999,Dairy,86.1856,OUT013,Supermarket Type1,1494.0552
FDI33,16.5,Low Fat,0.028395167000000002,Snack Foods,91.7146,OUT013,Supermarket Type1,2462.7942
FDG08,13.15,Regular,0.165221717,Fruits and Vegetables,172.0764,OUT013,Supermarket Type1,4466.1864
FDU43,19.35,Regular,0.0,Fruits and Vegetables,238.6564,OUT013,Supermarket Type1,3575.3459999999995
FDA50,16.25,Low Fat,0.087102593,Dairy,96.041,OUT013,Supermarket Type1,868.8689999999999
FDQ13,11.1,Low Fat,0.010632751999999999,Canned,82.5908,OUT013,Supermarket Type1,1510.0344
FDQ23,6.55,Low Fat,0.024505417999999998,Breads,102.9332,OUT013,Supermarket Type1,1845.5976
NCN42,20.25,Low Fat,0.0,Household,145.6418,OUT013,Supermarket Type1,3384.2614
FDN21,18.6,Low Fat,0.07679167099999999,Snack Foods,161.0236,OUT013,Supermarket Type1,3705.8428
FDZ26,11.6,reg,0.143897558,Dairy,240.6222,OUT013,Supermarket Type1,2868.2664
FDI28,14.3,Low Fat,0.026299797000000003,Frozen Foods,79.4302,OUT013,Supermarket Type1,1743.0644
FDX26,17.7,Low Fat,0.0,Dairy,182.5292,OUT013,Supermarket Type1,2736.438
FDW46,13.0,Regular,0.070243155,Snack Foods,65.7484,OUT013,Supermarket Type1,391.4904
FDO12,15.75,Low Fat,0.05488482099999999,Baking Goods,195.3452,OUT013,Supermarket Type1,1761.7068
NCI06,11.3,Low Fat,0.04767798,Household,181.46599999999998,OUT013,Supermarket Type1,3775.086
FDM33,15.6,Low Fat,0.087646694,Snack Foods,221.5798,OUT013,Supermarket Type1,5509.495
FDV08,7.35,Low Fat,0.028571132000000003,Fruits and Vegetables,40.8454,OUT013,Supermarket Type1,587.2356
FDV48,9.195,Regular,0.051573903,Baking Goods,79.8644,OUT013,Supermarket Type1,785.6439999999999
FDI19,15.1,Low Fat,0.052295514,Meat,242.9512,OUT013,Supermarket Type1,4847.024
FDY20,12.5,Regular,0.081684728,Fruits and Vegetables,92.3488,OUT013,Supermarket Type1,1177.1344
FDB52,17.75,Low Fat,0.030410272999999998,Dairy,256.0672,OUT013,Supermarket Type1,2045.3376
FDB56,8.75,Regular,0.074565098,Fruits and Vegetables,186.8556,OUT013,Supermarket Type1,7322.4684
NCM17,7.93,Low Fat,0.07107667200000001,Health and Hygiene,44.9086,OUT013,Supermarket Type1,802.9548
FDC47,15.0,Low Fat,0.118791698,Snack Foods,229.9694,OUT013,Supermarket Type1,4339.0186
FDU08,10.3,Low Fat,0.027292686,Fruits and Vegetables,101.2042,OUT013,Supermarket Type1,396.8168
NCK30,14.85,Low Fat,0.060927824000000005,Household,254.8698,OUT013,Supermarket Type1,4819.7262
NCM43,14.5,Low Fat,0.019459163999999998,Others,161.621,OUT013,Supermarket Type1,2120.573
FDP33,18.7,Low Fat,0.089197963,Snack Foods,257.3672,OUT013,Supermarket Type1,2045.3376
FDT49,7.0,Low Fat,0.151279591,Canned,107.02799999999999,OUT013,Supermarket Type1,2876.256
FDW23,5.765,Low Fat,0.081944045,Baking Goods,36.7164,OUT013,Supermarket Type1,849.5608
FDB58,10.5,reg,0.013485235,Snack Foods,140.0154,OUT013,Supermarket Type1,3119.9388
FDR09,18.25,Low Fat,0.077659918,Snack Foods,260.2962,OUT013,Supermarket Type1,1035.9848
FDJ14,10.3,Regular,0.050028809,Canned,80.096,OUT013,Supermarket Type1,239.688
NCP41,16.6,Low Fat,0.016197216,Health and Hygiene,108.8596,OUT013,Supermarket Type1,970.7364
FDI48,11.85,Regular,0.055672032,Baking Goods,50.5666,OUT013,Supermarket Type1,922.7988
FDL16,12.85,Low Fat,0.16831267800000002,Frozen Foods,45.906000000000006,OUT013,Supermarket Type1,885.5139999999999
FDH17,16.2,Regular,0.016639482,Frozen Foods,95.8726,OUT013,Supermarket Type1,1076.5986
NCF55,6.675,Low Fat,0.021648305,Household,35.6874,OUT013,Supermarket Type1,952.7598
FDQ46,7.51,Low Fat,0.10372663900000001,Snack Foods,110.6544,OUT013,Supermarket Type1,1901.5248
FDO32,6.36,Low Fat,0.120443298,Fruits and Vegetables,45.406000000000006,OUT013,Supermarket Type1,1118.5439999999999
NCO29,11.15,Low Fat,0.032229348,Health and Hygiene,163.2526,OUT013,Supermarket Type1,1480.0734
FDH53,20.5,Regular,0.019183756,Frozen Foods,83.7592,OUT013,Supermarket Type1,1403.5064
FDW03,5.63,Regular,0.024520853999999998,Meat,102.8306,OUT013,Supermarket Type1,1986.0814
FDH16,10.5,Low Fat,0.052511611,Frozen Foods,90.78299999999999,OUT013,Supermarket Type1,1258.362
FDE11,17.7,Regular,0.13498355,Starchy Foods,184.4924,OUT013,Supermarket Type1,3146.5708
FDV47,17.1,low fat,0.05416243900000001,Breads,85.3566,OUT013,Supermarket Type1,1775.6886
NCL05,19.6,Low Fat,0.047857804000000004,Health and Hygiene,45.077,OUT013,Supermarket Type1,605.878
FDP40,4.555,Regular,0.034328578,Frozen Foods,110.1544,OUT013,Supermarket Type1,1230.3984
FDH46,6.935,Regular,0.041247932,Snack Foods,101.8332,OUT013,Supermarket Type1,2255.7304
FDF29,15.1,Regular,0.019917598,Frozen Foods,129.431,OUT013,Supermarket Type1,3505.437
FDK20,12.6,Regular,0.04152307,Fruits and Vegetables,124.3072,OUT013,Supermarket Type1,5022.7952
FDO08,11.1,Regular,0.05373063,Fruits and Vegetables,165.1526,OUT013,Supermarket Type1,1480.0734
FDA08,11.85,Regular,0.050043472,Fruits and Vegetables,164.6526,OUT013,Supermarket Type1,2137.8838
NCR50,20.2,Low Fat,0.01181025,Household,154.634,OUT013,Supermarket Type1,4287.752
FDC34,16.0,Regular,0.17261532699999999,Snack Foods,154.5972,OUT013,Supermarket Type1,1869.5664
FDS60,20.85,Low Fat,0.032421521,Baking Goods,181.666,OUT013,Supermarket Type1,1438.128
FDP10,19.0,Low Fat,0.127983545,Snack Foods,107.6622,OUT013,Supermarket Type1,1270.3464
FDD17,7.5,Low Fat,0.032599801,Frozen Foods,238.1906,OUT013,Supermarket Type1,3327.6684
FDZ08,12.5,Regular,0.10990084300000001,Fruits and Vegetables,83.0592,OUT013,Supermarket Type1,743.0328
FDP23,6.71,Low Fat,0.0,Breads,218.9166,OUT013,Supermarket Type1,2394.8826
FDM39,6.42,low fat,0.053426165,Dairy,178.7002,OUT013,Supermarket Type1,4477.505
FDJ38,8.6,Regular,0.040172077,Canned,188.553,OUT013,Supermarket Type1,3795.06
DRI47,14.7,Low Fat,0.02090277,Hard Drinks,144.5128,OUT013,Supermarket Type1,3307.6944
FDF35,15.0,Low Fat,0.15386118099999999,Starchy Foods,108.5938,OUT013,Supermarket Type1,1393.5194
DRM37,15.35,Low Fat,0.096317593,Soft Drinks,197.3768,OUT013,Supermarket Type1,3350.3056
FDQ44,20.5,Low Fat,0.036110222000000004,Fruits and Vegetables,120.1756,OUT013,Supermarket Type1,2059.9852
NCX29,10.0,Low Fat,0.089078338,Health and Hygiene,147.1102,OUT013,Supermarket Type1,2916.204
FDL02,20.0,Regular,0.10399676,Canned,107.4622,OUT013,Supermarket Type1,1587.933
FDR59,14.5,Regular,0.063810405,Breads,263.2594,OUT013,Supermarket Type1,2878.2534
FDR52,12.65,Regular,0.075981306,Frozen Foods,192.3846,OUT013,Supermarket Type1,1910.846
FDW58,20.75,Low Fat,0.007546808,Snack Foods,104.1622,OUT013,Supermarket Type1,1693.7952
FDZ16,16.85,Regular,0.159722816,Frozen Foods,194.1478,OUT013,Supermarket Type1,5812.434
DRF25,9.0,Low Fat,0.038892859,Soft Drinks,36.119,OUT013,Supermarket Type1,1098.57
DRF03,19.1,Low Fat,0.045270425999999996,Dairy,38.8138,OUT013,Supermarket Type1,731.0484
FDH21,10.395,Low Fat,0.031199027999999997,Seafood,159.4604,OUT013,Supermarket Type1,316.9208
FDO50,16.25,Low Fat,0.078103689,Canned,91.1804,OUT013,Supermarket Type1,1929.4884
FDF20,12.85,Low Fat,0.033192524,Fruits and Vegetables,199.0768,OUT013,Supermarket Type1,3153.2288
NCN17,11.0,Low Fat,0.05489331,Health and Hygiene,101.9358,OUT013,Supermarket Type1,1105.8938
NCR30,20.6,Low Fat,0.070933894,Household,74.8696,OUT013,Supermarket Type1,223.7088
FDC35,7.435,Low Fat,0.122735471,Starchy Foods,205.2638,OUT013,Supermarket Type1,3520.0846
FDA07,7.55,Regular,0.030918873,Fruits and Vegetables,123.9072,OUT013,Supermarket Type1,1102.5648
DRH25,18.7,Low Fat,0.014580886000000001,Soft Drinks,50.2324,OUT013,Supermarket Type1,623.1888
FDY21,15.1,Low Fat,0.0,Snack Foods,195.21099999999998,OUT013,Supermarket Type1,3142.5759999999996
FDJ60,19.35,Regular,0.062476391,Baking Goods,164.5184,OUT013,Supermarket Type1,1651.184
DRA24,19.35,Regular,0.039895009,Soft Drinks,162.4868,OUT013,Supermarket Type1,4422.2436
NCG06,16.35,Low Fat,0.029420857,Household,256.9646,OUT013,Supermarket Type1,4637.9628
FDZ32,7.785,Regular,0.0,Fruits and Vegetables,106.4964,OUT013,Supermarket Type1,1577.9460000000001
FDD04,16.0,Low Fat,0.08989642,Dairy,143.4154,OUT013,Supermarket Type1,1985.4156
FDA52,16.2,Regular,0.128315409,Frozen Foods,178.137,OUT013,Supermarket Type1,3881.614
FDR14,11.65,Low Fat,0.173904193,Dairy,52.3298,OUT013,Supermarket Type1,269.649
DRL23,18.35,Low Fat,0.015291576000000001,Hard Drinks,106.1938,OUT013,Supermarket Type1,1607.9070000000002
FDN39,19.35,Regular,0.0,Meat,169.0816,OUT013,Supermarket Type1,3523.4136
NCX30,16.7,Low Fat,0.026598474,Household,245.8776,OUT013,Supermarket Type1,4210.5192
FDB16,8.21,Low Fat,0.044888397000000003,Dairy,87.3198,OUT013,Supermarket Type1,610.5386
FDC41,15.6,Low Fat,0.11681595300000001,Frozen Foods,75.567,OUT013,Supermarket Type1,1684.474
FDW59,13.15,Low Fat,0.020698674,Breads,86.3566,OUT013,Supermarket Type1,1099.2358
FDO52,11.6,Regular,0.077100381,Frozen Foods,172.4106,OUT013,Supermarket Type1,1539.9954
FDW45,18.0,Low Fat,0.038978526,Snack Foods,148.6418,OUT013,Supermarket Type1,2795.6942
FDF12,8.235,Low Fat,0.08235926,Baking Goods,147.6076,OUT013,Supermarket Type1,3103.9596
FDU10,10.1,Regular,0.045653999,Snack Foods,35.6848,OUT013,Supermarket Type1,633.8416
NCU53,5.485,Low Fat,0.042716235,Health and Hygiene,164.8842,OUT013,Supermarket Type1,2155.1946
FDJ40,13.6,Regular,0.049547993,Frozen Foods,108.6912,OUT013,Supermarket Type1,2402.2064
FDM44,12.5,Low Fat,0.031023835,Fruits and Vegetables,104.09899999999999,OUT013,Supermarket Type1,309.597
NCT05,10.895,Low Fat,0.020934413,Health and Hygiene,256.5672,OUT013,Supermarket Type1,4090.6752
FDY59,8.195,Low Fat,0.031377308,Baking Goods,93.6462,OUT013,Supermarket Type1,925.462
NCO30,19.5,Low Fat,0.015711807,Household,181.8608,OUT013,Supermarket Type1,4042.7376
FDE26,9.3,Low Fat,0.088931701,Canned,143.3786,OUT013,Supermarket Type1,3034.0506
FDQ31,5.785,Regular,0.053802405,Fruits and Vegetables,85.9856,OUT013,Supermarket Type1,1494.0552
FDJ32,10.695,Low Fat,0.057744249000000004,Fruits and Vegetables,61.2536,OUT013,Supermarket Type1,673.7896
DRJ49,6.865,Low Fat,0.0,Soft Drinks,129.9652,OUT013,Supermarket Type1,2324.9736
FDR26,20.7,Low Fat,0.04280113,Dairy,178.3028,OUT013,Supermarket Type1,2479.4392
FDF22,6.865,Low Fat,0.056783389000000004,Snack Foods,214.5218,OUT013,Supermarket Type1,2778.3834
