{"Sepal_Length":5.1,"Sepal_Width":3.5,"Petal_Length":1.4,"Petal_Width":0.2,"Species":"setosa"}
{"Sepal_Length":4.9,"Sepal_Width":3.0,"Petal_Length":1.4,"Petal_Width":0.2,"Species":"setosa"}
{"Sepal_Length":4.7,"Sepal_Width":3.2,"Petal_Length":1.3,"Petal_Width":0.2,"Species":"setosa"}
{"Sepal_Length":4.6,"Sepal_Width":3.1,"Petal_Length":1.5,"Petal_Width":0.2,"Species":"setosa"}
{"Sepal_Length":5.0,"Sepal_Width":3.6,"Petal_Length":1.4,"Petal_Width":0.2,"Species":"setosa"}
{"Sepal_Length":5.4,"Sepal_Width":3.9,"Petal_Length":1.7,"Petal_Width":0.4,"Species":"setosa"}
{"Sepal_Length":4.6,"Sepal_Width":3.4,"Petal_Length":1.4,"Petal_Width":0.3,"Species":"setosa"}
{"Sepal_Length":5.0,"Sepal_Width":3.4,"Petal_Length":1.5,"Petal_Width":0.2,"Species":"setosa"}
{"Sepal_Length":4.4,"Sepal_Width":2.9,"Petal_Length":1.4,"Petal_Width":0.2,"Species":"setosa"}
{"Sepal_Length":4.9,"Sepal_Width":3.1,"Petal_Length":1.5,"Petal_Width":0.1,"Species":"setosa"}
{"Sepal_Length":5.4,"Sepal_Width":3.7,"Petal_Length":1.5,"Petal_Width":0.2,"Species":"setosa"}
{"Sepal_Length":4.8,"Sepal_Width":3.4,"Petal_Length":1.6,"Petal_Width":0.2,"Species":"setosa"}
{"Sepal_Length":4.8,"Sepal_Width":3.0,"Petal_Length":1.4,"Petal_Width":0.1,"Species":"setosa"}
{"Sepal_Length":4.3,"Sepal_Width":3.0,"Petal_Length":1.1,"Petal_Width":0.1,"Species":"setosa"}
{"Sepal_Length":5.8,"Sepal_Width":4.0,"Petal_Length":1.2,"Petal_Width":0.2,"Species":"setosa"}
{"Sepal_Length":5.7,"Sepal_Width":4.4,"Petal_Length":1.5,"Petal_Width":0.4,"Species":"setosa"}
{"Sepal_Length":5.4,"Sepal_Width":3.9,"Petal_Length":1.3,"Petal_Width":0.4,"Species":"setosa"}
{"Sepal_Length":5.1,"Sepal_Width":3.5,"Petal_Length":1.4,"Petal_Width":0.3,"Species":"setosa"}
{"Sepal_Length":5.7,"Sepal_Width":3.8,"Petal_Length":1.7,"Petal_Width":0.3,"Species":"setosa"}
{"Sepal_Length":5.1,"Sepal_Width":3.8,"Petal_Length":1.5,"Petal_Width":0.3,"Species":"setosa"}
{"Sepal_Length":5.4,"Sepal_Width":3.4,"Petal_Length":1.7,"Petal_Width":0.2,"Species":"setosa"}
{"Sepal_Length":5.1,"Sepal_Width":3.7,"Petal_Length":1.5,"Petal_Width":0.4,"Species":"setosa"}
{"Sepal_Length":4.6,"Sepal_Width":3.6,"Petal_Length":1.0,"Petal_Width":0.2,"Species":"setosa"}
{"Sepal_Length":5.1,"Sepal_Width":3.3,"Petal_Length":1.7,"Petal_Width":0.5,"Species":"setosa"}
{"Sepal_Length":4.8,"Sepal_Width":3.4,"Petal_Length":1.9,"Petal_Width":0.2,"Species":"setosa"}
{"Sepal_Length":5.0,"Sepal_Width":3.0,"Petal_Length":1.6,"Petal_Width":0.2,"Species":"setosa"}
{"Sepal_Length":5.0,"Sepal_Width":3.4,"Petal_Length":1.6,"Petal_Width":0.4,"Species":"setosa"}
{"Sepal_Length":5.2,"Sepal_Width":3.5,"Petal_Length":1.5,"Petal_Width":0.2,"Species":"setosa"}
{"Sepal_Length":5.2,"Sepal_Width":3.4,"Petal_Length":1.4,"Petal_Width":0.2,"Species":"setosa"}
{"Sepal_Length":4.7,"Sepal_Width":3.2,"Petal_Length":1.6,"Petal_Width":0.2,"Species":"setosa"}
{"Sepal_Length":4.8,"Sepal_Width":3.1,"Petal_Length":1.6,"Petal_Width":0.2,"Species":"setosa"}
{"Sepal_Length":5.4,"Sepal_Width":3.4,"Petal_Length":1.5,"Petal_Width":0.4,"Species":"setosa"}
{"Sepal_Length":5.2,"Sepal_Width":4.1,"Petal_Length":1.5,"Petal_Width":0.1,"Species":"setosa"}
{"Sepal_Length":5.5,"Sepal_Width":4.2,"Petal_Length":1.4,"Petal_Width":0.2,"Species":"setosa"}
{"Sepal_Length":4.9,"Sepal_Width":3.1,"Petal_Length":1.5,"Petal_Width":0.2,"Species":"setosa"}
{"Sepal_Length":5.0,"Sepal_Width":3.2,"Petal_Length":1.2,"Petal_Width":0.2,"Species":"setosa"}
{"Sepal_Length":5.5,"Sepal_Width":3.5,"Petal_Length":1.3,"Petal_Width":0.2,"Species":"setosa"}
{"Sepal_Length":4.9,"Sepal_Width":3.6,"Petal_Length":1.4,"Petal_Width":0.1,"Species":"setosa"}
{"Sepal_Length":4.4,"Sepal_Width":3.0,"Petal_Length":1.3,"Petal_Width":0.2,"Species":"setosa"}
{"Sepal_Length":5.1,"Sepal_Width":3.4,"Petal_Length":1.5,"Petal_Width":0.2,"Species":"setosa"}
{"Sepal_Length":5.0,"Sepal_Width":3.5,"Petal_Length":1.3,"Petal_Width":0.3,"Species":"setosa"}
{"Sepal_Length":4.5,"Sepal_Width":2.3,"Petal_Length":1.3,"Petal_Width":0.3,"Species":"setosa"}
{"Sepal_Length":4.4,"Sepal_Width":3.2,"Petal_Length":1.3,"Petal_Width":0.2,"Species":"setosa"}
{"Sepal_Length":5.0,"Sepal_Width":3.5,"Petal_Length":1.6,"Petal_Width":0.6,"Species":"setosa"}
{"Sepal_Length":5.1,"Sepal_Width":3.8,"Petal_Length":1.9,"Petal_Width":0.4,"Species":"setosa"}
{"Sepal_Length":4.8,"Sepal_Width":3.0,"Petal_Length":1.4,"Petal_Width":0.3,"Species":"setosa"}
{"Sepal_Length":5.1,"Sepal_Width":3.8,"Petal_Length":1.6,"Petal_Width":0.2,"Species":"setosa"}
{"Sepal_Length":4.6,"Sepal_Width":3.2,"Petal_Length":1.4,"Petal_Width":0.2,"Species":"setosa"}
{"Sepal_Length":5.3,"Sepal_Width":3.7,"Petal_Length":1.5,"Petal_Width":0.2,"Species":"setosa"}
{"Sepal_Length":5.0,"Sepal_Width":3.3,"Petal_Length":1.4,"Petal_Width":0.2,"Species":"setosa"}
{"Sepal_Length":7.0,"Sepal_Width":3.2,"Petal_Length":4.7,"Petal_Width":1.4,"Species":"versicolor"}
{"Sepal_Length":6.4,"Sepal_Width":3.2,"Petal_Length":4.5,"Petal_Width":1.5,"Species":"versicolor"}
{"Sepal_Length":6.9,"Sepal_Width":3.1,"Petal_Length":4.9,"Petal_Width":1.5,"Species":"versicolor"}
{"Sepal_Length":5.5,"Sepal_Width":2.3,"Petal_Length":4.0,"Petal_Width":1.3,"Species":"versicolor"}
{"Sepal_Length":6.5,"Sepal_Width":2.8,"Petal_Length":4.6,"Petal_Width":1.5,"Species":"versicolor"}
{"Sepal_Length":5.7,"Sepal_Width":2.8,"Petal_Length":4.5,"Petal_Width":1.3,"Species":"versicolor"}
{"Sepal_Length":6.3,"Sepal_Width":3.3,"Petal_Length":4.7,"Petal_Width":1.6,"Species":"versicolor"}
{"Sepal_Length":4.9,"Sepal_Width":2.4,"Petal_Length":3.3,"Petal_Width":1.0,"Species":"versicolor"}
{"Sepal_Length":6.6,"Sepal_Width":2.9,"Petal_Length":4.6,"Petal_Width":1.3,"Species":"versicolor"}
{"Sepal_Length":5.2,"Sepal_Width":2.7,"Petal_Length":3.9,"Petal_Width":1.4,"Species":"versicolor"}
{"Sepal_Length":5.0,"Sepal_Width":2.0,"Petal_Length":3.5,"Petal_Width":1.0,"Species":"versicolor"}
{"Sepal_Length":5.9,"Sepal_Width":3.0,"Petal_Length":4.2,"Petal_Width":1.5,"Species":"versicolor"}
{"Sepal_Length":6.0,"Sepal_Width":2.2,"Petal_Length":4.0,"Petal_Width":1.0,"Species":"versicolor"}
{"Sepal_Length":6.1,"Sepal_Width":2.9,"Petal_Length":4.7,"Petal_Width":1.4,"Species":"versicolor"}
{"Sepal_Length":5.6,"Sepal_Width":2.9,"Petal_Length":3.6,"Petal_Width":1.3,"Species":"versicolor"}
{"Sepal_Length":6.7,"Sepal_Width":3.1,"Petal_Length":4.4,"Petal_Width":1.4,"Species":"versicolor"}
{"Sepal_Length":5.6,"Sepal_Width":3.0,"Petal_Length":4.5,"Petal_Width":1.5,"Species":"versicolor"}
{"Sepal_Length":5.8,"Sepal_Width":2.7,"Petal_Length":4.1,"Petal_Width":1.0,"Species":"versicolor"}
{"Sepal_Length":6.2,"Sepal_Width":2.2,"Petal_Length":4.5,"Petal_Width":1.5,"Species":"versicolor"}
{"Sepal_Length":5.6,"Sepal_Width":2.5,"Petal_Length":3.9,"Petal_Width":1.1,"Species":"versicolor"}
{"Sepal_Length":5.9,"Sepal_Width":3.2,"Petal_Length":4.8,"Petal_Width":1.8,"Species":"versicolor"}
{"Sepal_Length":6.1,"Sepal_Width":2.8,"Petal_Length":4.0,"Petal_Width":1.3,"Species":"versicolor"}
{"Sepal_Length":6.3,"Sepal_Width":2.5,"Petal_Length":4.9,"Petal_Width":1.5,"Species":"versicolor"}
{"Sepal_Length":6.1,"Sepal_Width":2.8,"Petal_Length":4.7,"Petal_Width":1.2,"Species":"versicolor"}
{"Sepal_Length":6.4,"Sepal_Width":2.9,"Petal_Length":4.3,"Petal_Width":1.3,"Species":"versicolor"}
{"Sepal_Length":6.6,"Sepal_Width":3.0,"Petal_Length":4.4,"Petal_Width":1.4,"Species":"versicolor"}
{"Sepal_Length":6.8,"Sepal_Width":2.8,"Petal_Length":4.8,"Petal_Width":1.4,"Species":"versicolor"}
{"Sepal_Length":6.7,"Sepal_Width":3.0,"Petal_Length":5.0,"Petal_Width":1.7,"Species":"versicolor"}
{"Sepal_Length":6.0,"Sepal_Width":2.9,"Petal_Length":4.5,"Petal_Width":1.5,"Species":"versicolor"}
{"Sepal_Length":5.7,"Sepal_Width":2.6,"Petal_Length":3.5,"Petal_Width":1.0,"Species":"versicolor"}
{"Sepal_Length":5.5,"Sepal_Width":2.4,"Petal_Length":3.8,"Petal_Width":1.1,"Species":"versicolor"}
{"Sepal_Length":5.5,"Sepal_Width":2.4,"Petal_Length":3.7,"Petal_Width":1.0,"Species":"versicolor"}
{"Sepal_Length":5.8,"Sepal_Width":2.7,"Petal_Length":3.9,"Petal_Width":1.2,"Species":"versicolor"}
{"Sepal_Length":6.0,"Sepal_Width":2.7,"Petal_Length":5.1,"Petal_Width":1.6,"Species":"versicolor"}
{"Sepal_Length":5.4,"Sepal_Width":3.0,"Petal_Length":4.5,"Petal_Width":1.5,"Species":"versicolor"}
{"Sepal_Length":6.0,"Sepal_Width":3.4,"Petal_Length":4.5,"Petal_Width":1.6,"Species":"versicolor"}
{"Sepal_Length":6.7,"Sepal_Width":3.1,"Petal_Length":4.7,"Petal_Width":1.5,"Species":"versicolor"}
{"Sepal_Length":6.3,"Sepal_Width":2.3,"Petal_Length":4.4,"Petal_Width":1.3,"Species":"versicolor"}
{"Sepal_Length":5.6,"Sepal_Width":3.0,"Petal_Length":4.1,"Petal_Width":1.3,"Species":"versicolor"}
{"Sepal_Length":5.5,"Sepal_Width":2.5,"Petal_Length":4.0,"Petal_Width":1.3,"Species":"versicolor"}
{"Sepal_Length":5.5,"Sepal_Width":2.6,"Petal_Length":4.4,"Petal_Width":1.2,"Species":"versicolor"}
{"Sepal_Length":6.1,"Sepal_Width":3.0,"Petal_Length":4.6,"Petal_Width":1.4,"Species":"versicolor"}
{"Sepal_Length":5.8,"Sepal_Width":2.6,"Petal_Length":4.0,"Petal_Width":1.2,"Species":"versicolor"}
{"Sepal_Length":5.0,"Sepal_Width":2.3,"Petal_Length":3.3,"Petal_Width":1.0,"Species":"versicolor"}
{"Sepal_Length":5.6,"Sepal_Width":2.7,"Petal_Length":4.2,"Petal_Width":1.3,"Species":"versicolor"}
{"Sepal_Length":5.7,"Sepal_Width":3.0,"Petal_Length":4.2,"Petal_Width":1.2,"Species":"versicolor"}
{"Sepal_Length":5.7,"Sepal_Width":2.9,"Petal_Length":4.2,"Petal_Width":1.3,"Species":"versicolor"}
{"Sepal_Length":6.2,"Sepal_Width":2.9,"Petal_Length":4.3,"Petal_Width":1.3,"Species":"versicolor"}
{"Sepal_Length":5.1,"Sepal_Width":2.5,"Petal_Length":3.0,"Petal_Width":1.1,"Species":"versicolor"}
{"Sepal_Length":5.7,"Sepal_Width":2.8,"Petal_Length":4.1,"Petal_Width":1.3,"Species":"versicolor"}
{"Sepal_Length":6.3,"Sepal_Width":3.3,"Petal_Length":6.0,"Petal_Width":2.5,"Species":"virginica"}
{"Sepal_Length":5.8,"Sepal_Width":2.7,"Petal_Length":5.1,"Petal_Width":1.9,"Species":"virginica"}
{"Sepal_Length":7.1,"Sepal_Width":3.0,"Petal_Length":5.9,"Petal_Width":2.1,"Species":"virginica"}
{"Sepal_Length":6.3,"Sepal_Width":2.9,"Petal_Length":5.6,"Petal_Width":1.8,"Species":"virginica"}
{"Sepal_Length":6.5,"Sepal_Width":3.0,"Petal_Length":5.8,"Petal_Width":2.2,"Species":"virginica"}
{"Sepal_Length":7.6,"Sepal_Width":3.0,"Petal_Length":6.6,"Petal_Width":2.1,"Species":"virginica"}
{"Sepal_Length":4.9,"Sepal_Width":2.5,"Petal_Length":4.5,"Petal_Width":1.7,"Species":"virginica"}
{"Sepal_Length":7.3,"Sepal_Width":2.9,"Petal_Length":6.3,"Petal_Width":1.8,"Species":"virginica"}
{"Sepal_Length":6.7,"Sepal_Width":2.5,"Petal_Length":5.8,"Petal_Width":1.8,"Species":"virginica"}
{"Sepal_Length":7.2,"Sepal_Width":3.6,"Petal_Length":6.1,"Petal_Width":2.5,"Species":"virginica"}
{"Sepal_Length":6.5,"Sepal_Width":3.2,"Petal_Length":5.1,"Petal_Width":2.0,"Species":"virginica"}
{"Sepal_Length":6.4,"Sepal_Width":2.7,"Petal_Length":5.3,"Petal_Width":1.9,"Species":"virginica"}
{"Sepal_Length":6.8,"Sepal_Width":3.0,"Petal_Length":5.5,"Petal_Width":2.1,"Species":"virginica"}
{"Sepal_Length":5.7,"Sepal_Width":2.5,"Petal_Length":5.0,"Petal_Width":2.0,"Species":"virginica"}
{"Sepal_Length":5.8,"Sepal_Width":2.8,"Petal_Length":5.1,"Petal_Width":2.4,"Species":"virginica"}
{"Sepal_Length":6.4,"Sepal_Width":3.2,"Petal_Length":5.3,"Petal_Width":2.3,"Species":"virginica"}
{"Sepal_Length":6.5,"Sepal_Width":3.0,"Petal_Length":5.5,"Petal_Width":1.8,"Species":"virginica"}
{"Sepal_Length":7.7,"Sepal_Width":3.8,"Petal_Length":6.7,"Petal_Width":2.2,"Species":"virginica"}
{"Sepal_Length":7.7,"Sepal_Width":2.6,"Petal_Length":6.9,"Petal_Width":2.3,"Species":"virginica"}
{"Sepal_Length":6.0,"Sepal_Width":2.2,"Petal_Length":5.0,"Petal_Width":1.5,"Species":"virginica"}
{"Sepal_Length":6.9,"Sepal_Width":3.2,"Petal_Length":5.7,"Petal_Width":2.3,"Species":"virginica"}
{"Sepal_Length":5.6,"Sepal_Width":2.8,"Petal_Length":4.9,"Petal_Width":2.0,"Species":"virginica"}
{"Sepal_Length":7.7,"Sepal_Width":2.8,"Petal_Length":6.7,"Petal_Width":2.0,"Species":"virginica"}
{"Sepal_Length":6.3,"Sepal_Width":2.7,"Petal_Length":4.9,"Petal_Width":1.8,"Species":"virginica"}
{"Sepal_Length":6.7,"Sepal_Width":3.3,"Petal_Length":5.7,"Petal_Width":2.1,"Species":"virginica"}
{"Sepal_Length":7.2,"Sepal_Width":3.2,"Petal_Length":6.0,"Petal_Width":1.8,"Species":"virginica"}
{"Sepal_Length":6.2,"Sepal_Width":2.8,"Petal_Length":4.8,"Petal_Width":1.8,"Species":"virginica"}
{"Sepal_Length":6.1,"Sepal_Width":3.0,"Petal_Length":4.9,"Petal_Width":1.8,"Species":"virginica"}
{"Sepal_Length":6.4,"Sepal_Width":2.8,"Petal_Length":5.6,"Petal_Width":2.1,"Species":"virginica"}
{"Sepal_Length":7.2,"Sepal_Width":3.0,"Petal_Length":5.8,"Petal_Width":1.6,"Species":"virginica"}
{"Sepal_Length":7.4,"Sepal_Width":2.8,"Petal_Length":6.1,"Petal_Width":1.9,"Species":"virginica"}
{"Sepal_Length":7.9,"Sepal_Width":3.8,"Petal_Length":6.4,"Petal_Width":2.0,"Species":"virginica"}
{"Sepal_Length":6.4,"Sepal_Width":2.8,"Petal_Length":5.6,"Petal_Width":2.2,"Species":"virginica"}
{"Sepal_Length":6.3,"Sepal_Width":2.8,"Petal_Length":5.1,"Petal_Width":1.5,"Species":"virginica"}
{"Sepal_Length":6.1,"Sepal_Width":2.6,"Petal_Length":5.6,"Petal_Width":1.4,"Species":"virginica"}
{"Sepal_Length":7.7,"Sepal_Width":3.0,"Petal_Length":6.1,"Petal_Width":2.3,"Species":"virginica"}
{"Sepal_Length":6.3,"Sepal_Width":3.4,"Petal_Length":5.6,"Petal_Width":2.4,"Species":"virginica"}
{"Sepal_Length":6.4,"Sepal_Width":3.1,"Petal_Length":5.5,"Petal_Width":1.8,"Species":"virginica"}
{"Sepal_Length":6.0,"Sepal_Width":3.0,"Petal_Length":4.8,"Petal_Width":1.8,"Species":"virginica"}
{"Sepal_Length":6.9,"Sepal_Width":3.1,"Petal_Length":5.4,"Petal_Width":2.1,"Species":"virginica"}
{"Sepal_Length":6.7,"Sepal_Width":3.1,"Petal_Length":5.6,"Petal_Width":2.4,"Species":"virginica"}
{"Sepal_Length":6.9,"Sepal_Width":3.1,"Petal_Length":5.1,"Petal_Width":2.3,"Species":"virginica"}
{"Sepal_Length":5.8,"Sepal_Width":2.7,"Petal_Length":5.1,"Petal_Width":1.9,"Species":"virginica"}
{"Sepal_Length":6.8,"Sepal_Width":3.2,"Petal_Length":5.9,"Petal_Width":2.3,"Species":"virginica"}
{"Sepal_Length":6.7,"Sepal_Width":3.3,"Petal_Length":5.7,"Petal_Width":2.5,"Species":"virginica"}
{"Sepal_Length":6.7,"Sepal_Width":3.0,"Petal_Length":5.2,"Petal_Width":2.3,"Species":"virginica"}
{"Sepal_Length":6.3,"Sepal_Width":2.5,"Petal_Length":5.0,"Petal_Width":1.9,"Species":"virginica"}
{"Sepal_Length":6.5,"Sepal_Width":3.0,"Petal_Length":5.2,"Petal_Width":2.0,"Species":"virginica"}
{"Sepal_Length":6.2,"Sepal_Width":3.4,"Petal_Length":5.4,"Petal_Width":2.3,"Species":"virginica"}
{"Sepal_Length":5.9,"Sepal_Width":3.0,"Petal_Length":5.1,"Petal_Width":1.8,"Species":"virginica"}
